id,class_name,scientific_name,common_name,image_url,local_path,quality_grade
22838746,goldfinch,Carduelis carduelis,Черноголовый щегол,https://inaturalist-open-data.s3.amazonaws.com/photos/35397814/medium.jpeg,C:\Users\Lada\Documents\DS\naturalist\data\raw\goldfinch\22838746.jpg,research
24730460,goldfinch,Carduelis carduelis,Черноголовый щегол,https://inaturalist-open-data.s3.amazonaws.com/photos/38245403/medium.jpeg,C:\Users\Lada\Documents\DS\naturalist\data\raw\goldfinch\24730460.jpg,research
27944244,goldfinch,Carduelis carduelis,Черноголовый щегол,https://inaturalist-open-data.s3.amazonaws.com/photos/43525674/medium.jpg,C:\Users\Lada\Documents\DS\naturalist\data\raw\goldfinch\27944244.jpg,research
37566658,goldfinch,Carduelis carduelis,Черноголовый щегол,https://inaturalist-open-data.s3.amazonaws.com/photos/59578055/medium.jpeg,C:\Users\Lada\Documents\DS\naturalist\data\raw\goldfinch\37566658.jpg,research
44637096,goldfinch,Carduelis carduelis,Черноголовый щегол,https://inaturalist-open-data.s3.amazonaws.com/photos/70767453/medium.jpeg,C:\Users\Lada\Documents\DS\naturalist\data\raw\goldfinch\44637096.jpg,research
55253009,goldfinch,Carduelis carduelis,Черноголовый щегол,https://inaturalist-open-data.s3.amazonaws.com/photos/87970096/medium.jpg,C:\Users\Lada\Documents\DS\naturalist\data\raw\goldfinch\55253009.jpg,research
57310198,goldfinch,Carduelis carduelis,Черноголовый щегол,https://inaturalist-open-data.s3.amazonaws.com/photos/91403055/medium.jpeg,C:\Users\Lada\Documents\DS\naturalist\data\raw\goldfinch\57310198.jpg,research
63782566,goldfinch,Carduelis carduelis,Черноголовый щегол,https://inaturalist-open-data.s3.amazonaws.com/photos/102425488/medium.jpeg,C:\Users\Lada\Documents\DS\naturalist\data\raw\goldfinch\63782566.jpg,research
67627137,goldfinch,Carduelis carduelis,Черноголовый щегол,https://inaturalist-open-data.s3.amazonaws.com/photos/109308282/medium.jpeg,C:\Users\Lada\Documents\DS\naturalist\data\raw\goldfinch\67627137.jpg,research
73738745,goldfinch,Carduelis carduelis,Черноголовый щегол,https://static.inaturalist.org/photos/120422799/medium.jpg,C:\Users\Lada\Documents\DS\naturalist\data\raw\goldfinch\73738745.jpg,research
77426226,goldfinch,Carduelis carduelis,Черноголовый щегол,https://inaturalist-open-data.s3.amazonaws.com/photos/126625581/medium.jpeg,C:\Users\Lada\Documents\DS\naturalist\data\raw\goldfinch\77426226.jpg,research
80103010,goldfinch,Carduelis carduelis,Черноголовый щегол,https://inaturalist-open-data.s3.amazonaws.com/photos/131258968/medium.jpg,C:\Users\Lada\Documents\DS\naturalist\data\raw\goldfinch\80103010.jpg,research
92896052,goldfinch,Carduelis carduelis,Черноголовый щегол,https://inaturalist-open-data.s3.amazonaws.com/photos/153884653/medium.jpeg,C:\Users\Lada\Documents\DS\naturalist\data\raw\goldfinch\92896052.jpg,research
93456558,goldfinch,Carduelis carduelis,Черноголовый щегол,https://inaturalist-open-data.s3.amazonaws.com/photos/154898552/medium.jpg,C:\Users\Lada\Documents\DS\naturalist\data\raw\goldfinch\93456558.jpg,research
97677397,goldfinch,Carduelis carduelis,Черноголовый щегол,https://static.inaturalist.org/photos/162483930/medium.jpg,C:\Users\Lada\Documents\DS\naturalist\data\raw\goldfinch\97677397.jpg,research
109059492,goldfinch,Carduelis carduelis,Черноголовый щегол,https://static.inaturalist.org/photos/183739218/medium.jpg,C:\Users\Lada\Documents\DS\naturalist\data\raw\goldfinch\109059492.jpg,research
117482735,goldfinch,Carduelis carduelis,Черноголовый щегол,https://inaturalist-open-data.s3.amazonaws.com/photos/198409718/medium.jpeg,C:\Users\Lada\Documents\DS\naturalist\data\raw\goldfinch\117482735.jpg,research
117482737,goldfinch,Carduelis carduelis,Черноголовый щегол,https://inaturalist-open-data.s3.amazonaws.com/photos/198409737/medium.jpeg,C:\Users\Lada\Documents\DS\naturalist\data\raw\goldfinch\117482737.jpg,research
117482855,goldfinch,Carduelis carduelis,Черноголовый щегол,https://inaturalist-open-data.s3.amazonaws.com/photos/198410571/medium.jpeg,C:\Users\Lada\Documents\DS\naturalist\data\raw\goldfinch\117482855.jpg,research
119408886,goldfinch,Carduelis carduelis,Черноголовый щегол,https://inaturalist-open-data.s3.amazonaws.com/photos/201847490/medium.jpeg,C:\Users\Lada\Documents\DS\naturalist\data\raw\goldfinch\119408886.jpg,research
122806966,goldfinch,Carduelis carduelis,Черноголовый щегол,https://inaturalist-open-data.s3.amazonaws.com/photos/207953623/medium.jpeg,C:\Users\Lada\Documents\DS\naturalist\data\raw\goldfinch\122806966.jpg,research
129530931,goldfinch,Carduelis carduelis,Черноголовый щегол,https://static.inaturalist.org/photos/220139140/medium.jpg,C:\Users\Lada\Documents\DS\naturalist\data\raw\goldfinch\129530931.jpg,research
138743818,goldfinch,Carduelis carduelis,Черноголовый щегол,https://static.inaturalist.org/photos/237184508/medium.jpeg,C:\Users\Lada\Documents\DS\naturalist\data\raw\goldfinch\138743818.jpg,research
142694302,goldfinch,Carduelis carduelis,Черноголовый щегол,https://inaturalist-open-data.s3.amazonaws.com/photos/244685925/medium.jpeg,C:\Users\Lada\Documents\DS\naturalist\data\raw\goldfinch\142694302.jpg,research
155778597,goldfinch,Carduelis carduelis,Черноголовый щегол,https://static.inaturalist.org/photos/269309868/medium.jpg,C:\Users\Lada\Documents\DS\naturalist\data\raw\goldfinch\155778597.jpg,research
155860670,goldfinch,Carduelis carduelis,Черноголовый щегол,https://inaturalist-open-data.s3.amazonaws.com/photos/269461396/medium.jpg,C:\Users\Lada\Documents\DS\naturalist\data\raw\goldfinch\155860670.jpg,research
156740368,goldfinch,Carduelis carduelis,Черноголовый щегол,https://static.inaturalist.org/photos/271060981/medium.jpg,C:\Users\Lada\Documents\DS\naturalist\data\raw\goldfinch\156740368.jpg,research
158518880,goldfinch,Carduelis carduelis,Черноголовый щегол,https://inaturalist-open-data.s3.amazonaws.com/photos/273954336/medium.jpg,C:\Users\Lada\Documents\DS\naturalist\data\raw\goldfinch\158518880.jpg,research
158523744,goldfinch,Carduelis carduelis,Черноголовый щегол,https://inaturalist-open-data.s3.amazonaws.com/photos/273962181/medium.jpg,C:\Users\Lada\Documents\DS\naturalist\data\raw\goldfinch\158523744.jpg,research
160878150,goldfinch,Carduelis carduelis,Черноголовый щегол,https://inaturalist-open-data.s3.amazonaws.com/photos/278038276/medium.jpg,C:\Users\Lada\Documents\DS\naturalist\data\raw\goldfinch\160878150.jpg,research
165407176,goldfinch,Carduelis carduelis,Черноголовый щегол,https://inaturalist-open-data.s3.amazonaws.com/photos/286316308/medium.jpeg,C:\Users\Lada\Documents\DS\naturalist\data\raw\goldfinch\165407176.jpg,research
166304169,goldfinch,Carduelis carduelis,Черноголовый щегол,https://inaturalist-open-data.s3.amazonaws.com/photos/287974097/medium.jpg,C:\Users\Lada\Documents\DS\naturalist\data\raw\goldfinch\166304169.jpg,research
166599229,goldfinch,Carduelis carduelis,Черноголовый щегол,https://inaturalist-open-data.s3.amazonaws.com/photos/288509670/medium.jpeg,C:\Users\Lada\Documents\DS\naturalist\data\raw\goldfinch\166599229.jpg,research
168697785,goldfinch,Carduelis carduelis,Черноголовый щегол,https://static.inaturalist.org/photos/292394522/medium.jpg,C:\Users\Lada\Documents\DS\naturalist\data\raw\goldfinch\168697785.jpg,research
169407464,goldfinch,Carduelis carduelis,Черноголовый щегол,https://inaturalist-open-data.s3.amazonaws.com/photos/293695986/medium.jpeg,C:\Users\Lada\Documents\DS\naturalist\data\raw\goldfinch\169407464.jpg,research
170627907,goldfinch,Carduelis carduelis,Черноголовый щегол,https://inaturalist-open-data.s3.amazonaws.com/photos/295970392/medium.jpg,C:\Users\Lada\Documents\DS\naturalist\data\raw\goldfinch\170627907.jpg,research
170628407,goldfinch,Carduelis carduelis,Черноголовый щегол,https://inaturalist-open-data.s3.amazonaws.com/photos/295971480/medium.jpg,C:\Users\Lada\Documents\DS\naturalist\data\raw\goldfinch\170628407.jpg,research
170631602,goldfinch,Carduelis carduelis,Черноголовый щегол,https://inaturalist-open-data.s3.amazonaws.com/photos/295977788/medium.jpg,C:\Users\Lada\Documents\DS\naturalist\data\raw\goldfinch\170631602.jpg,research
171167867,goldfinch,Carduelis carduelis,Черноголовый щегол,https://inaturalist-open-data.s3.amazonaws.com/photos/296990875/medium.jpg,C:\Users\Lada\Documents\DS\naturalist\data\raw\goldfinch\171167867.jpg,research
172139188,goldfinch,Carduelis carduelis,Черноголовый щегол,https://inaturalist-open-data.s3.amazonaws.com/photos/298787503/medium.jpeg,C:\Users\Lada\Documents\DS\naturalist\data\raw\goldfinch\172139188.jpg,research
172846020,goldfinch,Carduelis carduelis,Черноголовый щегол,https://static.inaturalist.org/photos/300106110/medium.jpg,C:\Users\Lada\Documents\DS\naturalist\data\raw\goldfinch\172846020.jpg,research
174469087,goldfinch,Carduelis carduelis,Черноголовый щегол,https://inaturalist-open-data.s3.amazonaws.com/photos/303102291/medium.jpeg,C:\Users\Lada\Documents\DS\naturalist\data\raw\goldfinch\174469087.jpg,research
176321729,goldfinch,Carduelis carduelis,Черноголовый щегол,https://static.inaturalist.org/photos/306525441/medium.jpg,C:\Users\Lada\Documents\DS\naturalist\data\raw\goldfinch\176321729.jpg,research
180244678,goldfinch,Carduelis carduelis,Черноголовый щегол,https://inaturalist-open-data.s3.amazonaws.com/photos/313757713/medium.jpeg,C:\Users\Lada\Documents\DS\naturalist\data\raw\goldfinch\180244678.jpg,research
188771059,goldfinch,Carduelis carduelis,Черноголовый щегол,https://inaturalist-open-data.s3.amazonaws.com/photos/330495398/medium.jpeg,C:\Users\Lada\Documents\DS\naturalist\data\raw\goldfinch\188771059.jpg,research
191783223,goldfinch,Carduelis carduelis,Черноголовый щегол,https://inaturalist-open-data.s3.amazonaws.com/photos/336529643/medium.jpeg,C:\Users\Lada\Documents\DS\naturalist\data\raw\goldfinch\191783223.jpg,research
196376460,goldfinch,Carduelis carduelis,Черноголовый щегол,https://inaturalist-open-data.s3.amazonaws.com/photos/345711073/medium.jpeg,C:\Users\Lada\Documents\DS\naturalist\data\raw\goldfinch\196376460.jpg,research
196376466,goldfinch,Carduelis carduelis,Черноголовый щегол,https://inaturalist-open-data.s3.amazonaws.com/photos/345711434/medium.jpeg,C:\Users\Lada\Documents\DS\naturalist\data\raw\goldfinch\196376466.jpg,research
196376495,goldfinch,Carduelis carduelis,Черноголовый щегол,https://inaturalist-open-data.s3.amazonaws.com/photos/345715592/medium.jpeg,C:\Users\Lada\Documents\DS\naturalist\data\raw\goldfinch\196376495.jpg,research
204302724,goldfinch,Carduelis carduelis,Черноголовый щегол,https://inaturalist-open-data.s3.amazonaws.com/photos/361095170/medium.jpeg,C:\Users\Lada\Documents\DS\naturalist\data\raw\goldfinch\204302724.jpg,research
204626884,goldfinch,Carduelis carduelis,Черноголовый щегол,https://inaturalist-open-data.s3.amazonaws.com/photos/361710274/medium.jpg,C:\Users\Lada\Documents\DS\naturalist\data\raw\goldfinch\204626884.jpg,research
206652226,goldfinch,Carduelis carduelis,Черноголовый щегол,https://static.inaturalist.org/photos/365444835/medium.jpg,C:\Users\Lada\Documents\DS\naturalist\data\raw\goldfinch\206652226.jpg,research
207647088,goldfinch,Carduelis carduelis,Черноголовый щегол,https://inaturalist-open-data.s3.amazonaws.com/photos/367304735/medium.jpeg,C:\Users\Lada\Documents\DS\naturalist\data\raw\goldfinch\207647088.jpg,research
207722890,goldfinch,Carduelis carduelis,Черноголовый щегол,https://static.inaturalist.org/photos/367458931/medium.jpeg,C:\Users\Lada\Documents\DS\naturalist\data\raw\goldfinch\207722890.jpg,research
207790975,goldfinch,Carduelis carduelis,Черноголовый щегол,https://static.inaturalist.org/photos/367582639/medium.jpg,C:\Users\Lada\Documents\DS\naturalist\data\raw\goldfinch\207790975.jpg,research
212342556,goldfinch,Carduelis carduelis,Черноголовый щегол,https://inaturalist-open-data.s3.amazonaws.com/photos/375247641/medium.jpeg,C:\Users\Lada\Documents\DS\naturalist\data\raw\goldfinch\212342556.jpg,research
214670187,goldfinch,Carduelis carduelis,Черноголовый щегол,https://inaturalist-open-data.s3.amazonaws.com/photos/379460101/medium.jpeg,C:\Users\Lada\Documents\DS\naturalist\data\raw\goldfinch\214670187.jpg,research
216404352,goldfinch,Carduelis carduelis,Черноголовый щегол,https://static.inaturalist.org/photos/382718247/medium.jpeg,C:\Users\Lada\Documents\DS\naturalist\data\raw\goldfinch\216404352.jpg,research
216406453,goldfinch,Carduelis carduelis,Черноголовый щегол,https://static.inaturalist.org/photos/382721894/medium.jpeg,C:\Users\Lada\Documents\DS\naturalist\data\raw\goldfinch\216406453.jpg,research
217465413,goldfinch,Carduelis carduelis,Черноголовый щегол,https://static.inaturalist.org/photos/384717521/medium.jpg,C:\Users\Lada\Documents\DS\naturalist\data\raw\goldfinch\217465413.jpg,research
218578331,goldfinch,Carduelis carduelis,Черноголовый щегол,https://inaturalist-open-data.s3.amazonaws.com/photos/386800453/medium.jpg,C:\Users\Lada\Documents\DS\naturalist\data\raw\goldfinch\218578331.jpg,research
220742335,goldfinch,Carduelis carduelis,Черноголовый щегол,https://inaturalist-open-data.s3.amazonaws.com/photos/390849047/medium.jpeg,C:\Users\Lada\Documents\DS\naturalist\data\raw\goldfinch\220742335.jpg,research
221585836,goldfinch,Carduelis carduelis,Черноголовый щегол,https://static.inaturalist.org/photos/392415001/medium.jpg,C:\Users\Lada\Documents\DS\naturalist\data\raw\goldfinch\221585836.jpg,research
225317059,goldfinch,Carduelis carduelis,Черноголовый щегол,https://static.inaturalist.org/photos/399460894/medium.jpg,C:\Users\Lada\Documents\DS\naturalist\data\raw\goldfinch\225317059.jpg,research
226215147,goldfinch,Carduelis carduelis,Черноголовый щегол,https://static.inaturalist.org/photos/401158745/medium.jpg,C:\Users\Lada\Documents\DS\naturalist\data\raw\goldfinch\226215147.jpg,research
229317402,goldfinch,Carduelis carduelis,Черноголовый щегол,https://inaturalist-open-data.s3.amazonaws.com/photos/407030204/medium.jpg,C:\Users\Lada\Documents\DS\naturalist\data\raw\goldfinch\229317402.jpg,research
233711759,goldfinch,Carduelis carduelis,Черноголовый щегол,https://static.inaturalist.org/photos/415380882/medium.jpg,C:\Users\Lada\Documents\DS\naturalist\data\raw\goldfinch\233711759.jpg,research
235075687,goldfinch,Carduelis carduelis,Черноголовый щегол,https://inaturalist-open-data.s3.amazonaws.com/photos/418011571/medium.jpeg,C:\Users\Lada\Documents\DS\naturalist\data\raw\goldfinch\235075687.jpg,research
235075830,goldfinch,Carduelis carduelis,Черноголовый щегол,https://inaturalist-open-data.s3.amazonaws.com/photos/418011768/medium.jpeg,C:\Users\Lada\Documents\DS\naturalist\data\raw\goldfinch\235075830.jpg,research
235083595,goldfinch,Carduelis carduelis,Черноголовый щегол,https://static.inaturalist.org/photos/418021168/medium.jpg,C:\Users\Lada\Documents\DS\naturalist\data\raw\goldfinch\235083595.jpg,research
235166247,goldfinch,Carduelis carduelis,Черноголовый щегол,https://inaturalist-open-data.s3.amazonaws.com/photos/418171211/medium.jpg,C:\Users\Lada\Documents\DS\naturalist\data\raw\goldfinch\235166247.jpg,research
236491741,goldfinch,Carduelis carduelis,Черноголовый щегол,https://inaturalist-open-data.s3.amazonaws.com/photos/420739712/medium.jpg,C:\Users\Lada\Documents\DS\naturalist\data\raw\goldfinch\236491741.jpg,research
238043899,goldfinch,Carduelis carduelis,Черноголовый щегол,https://inaturalist-open-data.s3.amazonaws.com/photos/423736646/medium.jpeg,C:\Users\Lada\Documents\DS\naturalist\data\raw\goldfinch\238043899.jpg,research
238468725,goldfinch,Carduelis carduelis,Черноголовый щегол,https://static.inaturalist.org/photos/424546117/medium.jpg,C:\Users\Lada\Documents\DS\naturalist\data\raw\goldfinch\238468725.jpg,research
240612814,goldfinch,Carduelis carduelis,Черноголовый щегол,https://inaturalist-open-data.s3.amazonaws.com/photos/428697728/medium.jpeg,C:\Users\Lada\Documents\DS\naturalist\data\raw\goldfinch\240612814.jpg,research
241439179,goldfinch,Carduelis carduelis,Черноголовый щегол,https://inaturalist-open-data.s3.amazonaws.com/photos/430305816/medium.jpeg,C:\Users\Lada\Documents\DS\naturalist\data\raw\goldfinch\241439179.jpg,research
243053241,goldfinch,Carduelis carduelis,Черноголовый щегол,https://static.inaturalist.org/photos/433358219/medium.jpg,C:\Users\Lada\Documents\DS\naturalist\data\raw\goldfinch\243053241.jpg,research
247098641,goldfinch,Carduelis carduelis,Черноголовый щегол,https://static.inaturalist.org/photos/441252272/medium.jpg,C:\Users\Lada\Documents\DS\naturalist\data\raw\goldfinch\247098641.jpg,research
249906731,goldfinch,Carduelis carduelis,Черноголовый щегол,https://inaturalist-open-data.s3.amazonaws.com/photos/446826402/medium.jpeg,C:\Users\Lada\Documents\DS\naturalist\data\raw\goldfinch\249906731.jpg,research
267259803,goldfinch,Carduelis carduelis,Черноголовый щегол,https://inaturalist-open-data.s3.amazonaws.com/photos/480266882/medium.jpg,C:\Users\Lada\Documents\DS\naturalist\data\raw\goldfinch\267259803.jpg,research
268216016,goldfinch,Carduelis carduelis,Черноголовый щегол,https://static.inaturalist.org/photos/482092478/medium.jpeg,C:\Users\Lada\Documents\DS\naturalist\data\raw\goldfinch\268216016.jpg,research
268499753,goldfinch,Carduelis carduelis,Черноголовый щегол,https://static.inaturalist.org/photos/482639338/medium.jpeg,C:\Users\Lada\Documents\DS\naturalist\data\raw\goldfinch\268499753.jpg,research
268757832,goldfinch,Carduelis carduelis,Черноголовый щегол,https://inaturalist-open-data.s3.amazonaws.com/photos/483130756/medium.jpg,C:\Users\Lada\Documents\DS\naturalist\data\raw\goldfinch\268757832.jpg,research
271736612,goldfinch,Carduelis carduelis,Черноголовый щегол,https://inaturalist-open-data.s3.amazonaws.com/photos/488818655/medium.jpg,C:\Users\Lada\Documents\DS\naturalist\data\raw\goldfinch\271736612.jpg,research
273179756,goldfinch,Carduelis carduelis,Черноголовый щегол,https://static.inaturalist.org/photos/491373450/medium.jpg,C:\Users\Lada\Documents\DS\naturalist\data\raw\goldfinch\273179756.jpg,research
277325392,goldfinch,Carduelis carduelis,Черноголовый щегол,https://static.inaturalist.org/photos/497967031/medium.jpg,C:\Users\Lada\Documents\DS\naturalist\data\raw\goldfinch\277325392.jpg,research
277325402,goldfinch,Carduelis carduelis,Черноголовый щегол,https://static.inaturalist.org/photos/497967258/medium.jpg,C:\Users\Lada\Documents\DS\naturalist\data\raw\goldfinch\277325402.jpg,research
279238042,goldfinch,Carduelis carduelis,Черноголовый щегол,https://inaturalist-open-data.s3.amazonaws.com/photos/501421448/medium.jpeg,C:\Users\Lada\Documents\DS\naturalist\data\raw\goldfinch\279238042.jpg,research
280348995,goldfinch,Carduelis carduelis,Черноголовый щегол,https://inaturalist-open-data.s3.amazonaws.com/photos/503501507/medium.jpg,C:\Users\Lada\Documents\DS\naturalist\data\raw\goldfinch\280348995.jpg,research
280357290,goldfinch,Carduelis carduelis,Черноголовый щегол,https://inaturalist-open-data.s3.amazonaws.com/photos/503517286/medium.jpg,C:\Users\Lada\Documents\DS\naturalist\data\raw\goldfinch\280357290.jpg,research
280501142,goldfinch,Carduelis carduelis,Черноголовый щегол,https://inaturalist-open-data.s3.amazonaws.com/photos/503797422/medium.jpg,C:\Users\Lada\Documents\DS\naturalist\data\raw\goldfinch\280501142.jpg,research
280606343,goldfinch,Carduelis carduelis,Черноголовый щегол,https://static.inaturalist.org/photos/503985730/medium.jpg,C:\Users\Lada\Documents\DS\naturalist\data\raw\goldfinch\280606343.jpg,research
283722377,goldfinch,Carduelis carduelis,Черноголовый щегол,https://static.inaturalist.org/photos/509826414/medium.jpg,C:\Users\Lada\Documents\DS\naturalist\data\raw\goldfinch\283722377.jpg,research
285410828,goldfinch,Carduelis carduelis,Черноголовый щегол,https://static.inaturalist.org/photos/512997294/medium.jpg,C:\Users\Lada\Documents\DS\naturalist\data\raw\goldfinch\285410828.jpg,research
286227551,goldfinch,Carduelis carduelis,Черноголовый щегол,https://inaturalist-open-data.s3.amazonaws.com/photos/514548362/medium.jpg,C:\Users\Lada\Documents\DS\naturalist\data\raw\goldfinch\286227551.jpg,research
286338417,goldfinch,Carduelis carduelis,Черноголовый щегол,https://inaturalist-open-data.s3.amazonaws.com/photos/514754282/medium.jpg,C:\Users\Lada\Documents\DS\naturalist\data\raw\goldfinch\286338417.jpg,research
286356866,goldfinch,Carduelis carduelis,Черноголовый щегол,https://inaturalist-open-data.s3.amazonaws.com/photos/514789034/medium.jpg,C:\Users\Lada\Documents\DS\naturalist\data\raw\goldfinch\286356866.jpg,research
287689085,goldfinch,Carduelis carduelis,Черноголовый щегол,https://inaturalist-open-data.s3.amazonaws.com/photos/517267299/medium.jpg,C:\Users\Lada\Documents\DS\naturalist\data\raw\goldfinch\287689085.jpg,research
288536679,goldfinch,Carduelis carduelis,Черноголовый щегол,https://static.inaturalist.org/photos/518897947/medium.jpg,C:\Users\Lada\Documents\DS\naturalist\data\raw\goldfinch\288536679.jpg,research
290200349,goldfinch,Carduelis carduelis,Черноголовый щегол,https://inaturalist-open-data.s3.amazonaws.com/photos/522026181/medium.jpg,C:\Users\Lada\Documents\DS\naturalist\data\raw\goldfinch\290200349.jpg,research
20884183,chiffchaff,Phylloscopus collybita,Пеночка-теньковка,https://inaturalist-open-data.s3.amazonaws.com/photos/32223519/medium.jpg,C:\Users\Lada\Documents\DS\naturalist\data\raw\chiffchaff\20884183.jpg,research
37447140,chiffchaff,Phylloscopus collybita,Пеночка-теньковка,https://inaturalist-open-data.s3.amazonaws.com/photos/59365652/medium.jpeg,C:\Users\Lada\Documents\DS\naturalist\data\raw\chiffchaff\37447140.jpg,research
37481142,chiffchaff,Phylloscopus collybita,Пеночка-теньковка,https://inaturalist-open-data.s3.amazonaws.com/photos/59425931/medium.jpeg,C:\Users\Lada\Documents\DS\naturalist\data\raw\chiffchaff\37481142.jpg,research
37481152,chiffchaff,Phylloscopus collybita,Пеночка-теньковка,https://inaturalist-open-data.s3.amazonaws.com/photos/59425970/medium.jpeg,C:\Users\Lada\Documents\DS\naturalist\data\raw\chiffchaff\37481152.jpg,research
39532153,chiffchaff,Phylloscopus collybita,Пеночка-теньковка,https://inaturalist-open-data.s3.amazonaws.com/photos/62728803/medium.jpg,C:\Users\Lada\Documents\DS\naturalist\data\raw\chiffchaff\39532153.jpg,research
41422360,chiffchaff,Phylloscopus collybita,Пеночка-теньковка,https://inaturalist-open-data.s3.amazonaws.com/photos/65711595/medium.jpg,C:\Users\Lada\Documents\DS\naturalist\data\raw\chiffchaff\41422360.jpg,research
63840359,chiffchaff,Phylloscopus collybita,Пеночка-теньковка,https://inaturalist-open-data.s3.amazonaws.com/photos/102528760/medium.jpeg,C:\Users\Lada\Documents\DS\naturalist\data\raw\chiffchaff\63840359.jpg,research
75785670,chiffchaff,Phylloscopus collybita,Пеночка-теньковка,https://inaturalist-open-data.s3.amazonaws.com/photos/124016459/medium.jpg,C:\Users\Lada\Documents\DS\naturalist\data\raw\chiffchaff\75785670.jpg,research
75785671,chiffchaff,Phylloscopus collybita,Пеночка-теньковка,https://inaturalist-open-data.s3.amazonaws.com/photos/124016501/medium.jpg,C:\Users\Lada\Documents\DS\naturalist\data\raw\chiffchaff\75785671.jpg,research
83248675,chiffchaff,Phylloscopus collybita,Пеночка-теньковка,https://inaturalist-open-data.s3.amazonaws.com/photos/136709390/medium.jpeg,C:\Users\Lada\Documents\DS\naturalist\data\raw\chiffchaff\83248675.jpg,research
94119169,chiffchaff,Phylloscopus collybita,Пеночка-теньковка,https://inaturalist-open-data.s3.amazonaws.com/photos/156089452/medium.jpeg,C:\Users\Lada\Documents\DS\naturalist\data\raw\chiffchaff\94119169.jpg,research
103594138,chiffchaff,Phylloscopus collybita,Пеночка-теньковка,https://inaturalist-open-data.s3.amazonaws.com/photos/173418494/medium.jpeg,C:\Users\Lada\Documents\DS\naturalist\data\raw\chiffchaff\103594138.jpg,research
105663158,chiffchaff,Phylloscopus collybita,Пеночка-теньковка,https://static.inaturalist.org/photos/177336481/medium.jpg,C:\Users\Lada\Documents\DS\naturalist\data\raw\chiffchaff\105663158.jpg,research
105663197,chiffchaff,Phylloscopus collybita,Пеночка-теньковка,https://static.inaturalist.org/photos/177336715/medium.jpg,C:\Users\Lada\Documents\DS\naturalist\data\raw\chiffchaff\105663197.jpg,research
105663198,chiffchaff,Phylloscopus collybita,Пеночка-теньковка,https://static.inaturalist.org/photos/177336718/medium.jpg,C:\Users\Lada\Documents\DS\naturalist\data\raw\chiffchaff\105663198.jpg,research
114800693,chiffchaff,Phylloscopus collybita,Пеночка-теньковка,https://static.inaturalist.org/photos/193808598/medium.jpg,C:\Users\Lada\Documents\DS\naturalist\data\raw\chiffchaff\114800693.jpg,research
117482774,chiffchaff,Phylloscopus collybita,Пеночка-теньковка,https://inaturalist-open-data.s3.amazonaws.com/photos/198410052/medium.jpeg,C:\Users\Lada\Documents\DS\naturalist\data\raw\chiffchaff\117482774.jpg,research
117482788,chiffchaff,Phylloscopus collybita,Пеночка-теньковка,https://inaturalist-open-data.s3.amazonaws.com/photos/198410161/medium.jpeg,C:\Users\Lada\Documents\DS\naturalist\data\raw\chiffchaff\117482788.jpg,research
117482858,chiffchaff,Phylloscopus collybita,Пеночка-теньковка,https://inaturalist-open-data.s3.amazonaws.com/photos/198410590/medium.jpeg,C:\Users\Lada\Documents\DS\naturalist\data\raw\chiffchaff\117482858.jpg,research
122806945,chiffchaff,Phylloscopus collybita,Пеночка-теньковка,https://inaturalist-open-data.s3.amazonaws.com/photos/207953335/medium.jpeg,C:\Users\Lada\Documents\DS\naturalist\data\raw\chiffchaff\122806945.jpg,research
132990261,chiffchaff,Phylloscopus collybita,Пеночка-теньковка,https://inaturalist-open-data.s3.amazonaws.com/photos/226460240/medium.jpeg,C:\Users\Lada\Documents\DS\naturalist\data\raw\chiffchaff\132990261.jpg,research
134021632,chiffchaff,Phylloscopus collybita,Пеночка-теньковка,https://inaturalist-open-data.s3.amazonaws.com/photos/228378112/medium.jpeg,C:\Users\Lada\Documents\DS\naturalist\data\raw\chiffchaff\134021632.jpg,research
134869620,chiffchaff,Phylloscopus collybita,Пеночка-теньковка,https://inaturalist-open-data.s3.amazonaws.com/photos/229956976/medium.jpg,C:\Users\Lada\Documents\DS\naturalist\data\raw\chiffchaff\134869620.jpg,research
135944979,chiffchaff,Phylloscopus collybita,Пеночка-теньковка,https://inaturalist-open-data.s3.amazonaws.com/photos/231942625/medium.jpeg,C:\Users\Lada\Documents\DS\naturalist\data\raw\chiffchaff\135944979.jpg,research
136304442,chiffchaff,Phylloscopus collybita,Пеночка-теньковка,https://static.inaturalist.org/photos/232603965/medium.jpg,C:\Users\Lada\Documents\DS\naturalist\data\raw\chiffchaff\136304442.jpg,research
142084279,chiffchaff,Phylloscopus collybita,Пеночка-теньковка,https://inaturalist-open-data.s3.amazonaws.com/photos/243536346/medium.jpeg,C:\Users\Lada\Documents\DS\naturalist\data\raw\chiffchaff\142084279.jpg,research
142552072,chiffchaff,Phylloscopus collybita,Пеночка-теньковка,https://inaturalist-open-data.s3.amazonaws.com/photos/244414775/medium.jpeg,C:\Users\Lada\Documents\DS\naturalist\data\raw\chiffchaff\142552072.jpg,research
154076850,chiffchaff,Phylloscopus collybita,Пеночка-теньковка,https://static.inaturalist.org/photos/266191653/medium.jpg,C:\Users\Lada\Documents\DS\naturalist\data\raw\chiffchaff\154076850.jpg,research
155503566,chiffchaff,Phylloscopus collybita,Пеночка-теньковка,https://static.inaturalist.org/photos/268806092/medium.jpg,C:\Users\Lada\Documents\DS\naturalist\data\raw\chiffchaff\155503566.jpg,research
159713859,chiffchaff,Phylloscopus collybita,Пеночка-теньковка,https://static.inaturalist.org/photos/275956607/medium.jpg,C:\Users\Lada\Documents\DS\naturalist\data\raw\chiffchaff\159713859.jpg,research
159713868,chiffchaff,Phylloscopus collybita,Пеночка-теньковка,https://static.inaturalist.org/photos/275957661/medium.jpg,C:\Users\Lada\Documents\DS\naturalist\data\raw\chiffchaff\159713868.jpg,research
160779987,chiffchaff,Phylloscopus collybita,Пеночка-теньковка,https://static.inaturalist.org/photos/277853043/medium.jpg,C:\Users\Lada\Documents\DS\naturalist\data\raw\chiffchaff\160779987.jpg,research
160869807,chiffchaff,Phylloscopus collybita,Пеночка-теньковка,https://inaturalist-open-data.s3.amazonaws.com/photos/278023747/medium.jpg,C:\Users\Lada\Documents\DS\naturalist\data\raw\chiffchaff\160869807.jpg,research
178851001,chiffchaff,Phylloscopus collybita,Пеночка-теньковка,https://static.inaturalist.org/photos/311285675/medium.jpg,C:\Users\Lada\Documents\DS\naturalist\data\raw\chiffchaff\178851001.jpg,research
178851002,chiffchaff,Phylloscopus collybita,Пеночка-теньковка,https://static.inaturalist.org/photos/311286136/medium.jpg,C:\Users\Lada\Documents\DS\naturalist\data\raw\chiffchaff\178851002.jpg,research
180803401,chiffchaff,Phylloscopus collybita,Пеночка-теньковка,https://static.inaturalist.org/photos/315005037/medium.jpg,C:\Users\Lada\Documents\DS\naturalist\data\raw\chiffchaff\180803401.jpg,research
181636445,chiffchaff,Phylloscopus collybita,Пеночка-теньковка,https://inaturalist-open-data.s3.amazonaws.com/photos/316541846/medium.jpg,C:\Users\Lada\Documents\DS\naturalist\data\raw\chiffchaff\181636445.jpg,research
181761292,chiffchaff,Phylloscopus collybita,Пеночка-теньковка,https://static.inaturalist.org/photos/316778278/medium.jpg,C:\Users\Lada\Documents\DS\naturalist\data\raw\chiffchaff\181761292.jpg,research
181891753,chiffchaff,Phylloscopus collybita,Пеночка-теньковка,https://inaturalist-open-data.s3.amazonaws.com/photos/317037096/medium.jpeg,C:\Users\Lada\Documents\DS\naturalist\data\raw\chiffchaff\181891753.jpg,research
182235432,chiffchaff,Phylloscopus collybita,Пеночка-теньковка,https://inaturalist-open-data.s3.amazonaws.com/photos/317698674/medium.jpg,C:\Users\Lada\Documents\DS\naturalist\data\raw\chiffchaff\182235432.jpg,research
183127142,chiffchaff,Phylloscopus collybita,Пеночка-теньковка,https://inaturalist-open-data.s3.amazonaws.com/photos/319433945/medium.jpeg,C:\Users\Lada\Documents\DS\naturalist\data\raw\chiffchaff\183127142.jpg,research
183258644,chiffchaff,Phylloscopus collybita,Пеночка-теньковка,https://inaturalist-open-data.s3.amazonaws.com/photos/319685912/medium.jpg,C:\Users\Lada\Documents\DS\naturalist\data\raw\chiffchaff\183258644.jpg,research
183259560,chiffchaff,Phylloscopus collybita,Пеночка-теньковка,https://inaturalist-open-data.s3.amazonaws.com/photos/319687431/medium.jpg,C:\Users\Lada\Documents\DS\naturalist\data\raw\chiffchaff\183259560.jpg,research
183514883,chiffchaff,Phylloscopus collybita,Пеночка-теньковка,https://static.inaturalist.org/photos/320175582/medium.jpg,C:\Users\Lada\Documents\DS\naturalist\data\raw\chiffchaff\183514883.jpg,research
183886975,chiffchaff,Phylloscopus collybita,Пеночка-теньковка,https://inaturalist-open-data.s3.amazonaws.com/photos/320884153/medium.jpg,C:\Users\Lada\Documents\DS\naturalist\data\raw\chiffchaff\183886975.jpg,research
184235786,chiffchaff,Phylloscopus collybita,Пеночка-теньковка,https://inaturalist-open-data.s3.amazonaws.com/photos/321567511/medium.jpeg,C:\Users\Lada\Documents\DS\naturalist\data\raw\chiffchaff\184235786.jpg,research
184305511,chiffchaff,Phylloscopus collybita,Пеночка-теньковка,https://inaturalist-open-data.s3.amazonaws.com/photos/321694514/medium.jpg,C:\Users\Lada\Documents\DS\naturalist\data\raw\chiffchaff\184305511.jpg,research
184724865,chiffchaff,Phylloscopus collybita,Пеночка-теньковка,https://static.inaturalist.org/photos/322482673/medium.jpg,C:\Users\Lada\Documents\DS\naturalist\data\raw\chiffchaff\184724865.jpg,research
200196228,chiffchaff,Phylloscopus collybita,Пеночка-теньковка,https://inaturalist-open-data.s3.amazonaws.com/photos/353136385/medium.jpg,C:\Users\Lada\Documents\DS\naturalist\data\raw\chiffchaff\200196228.jpg,research
208957083,chiffchaff,Phylloscopus collybita,Пеночка-теньковка,https://static.inaturalist.org/photos/369752330/medium.jpeg,C:\Users\Lada\Documents\DS\naturalist\data\raw\chiffchaff\208957083.jpg,research
220742339,chiffchaff,Phylloscopus collybita,Пеночка-теньковка,https://inaturalist-open-data.s3.amazonaws.com/photos/390849571/medium.jpeg,C:\Users\Lada\Documents\DS\naturalist\data\raw\chiffchaff\220742339.jpg,research
223739469,chiffchaff,Phylloscopus collybita,Пеночка-теньковка,https://inaturalist-open-data.s3.amazonaws.com/photos/396486898/medium.jpeg,C:\Users\Lada\Documents\DS\naturalist\data\raw\chiffchaff\223739469.jpg,research
225317050,chiffchaff,Phylloscopus collybita,Пеночка-теньковка,https://static.inaturalist.org/photos/399460392/medium.jpg,C:\Users\Lada\Documents\DS\naturalist\data\raw\chiffchaff\225317050.jpg,research
234740474,chiffchaff,Phylloscopus collybita,Пеночка-теньковка,https://inaturalist-open-data.s3.amazonaws.com/photos/417360802/medium.jpeg,C:\Users\Lada\Documents\DS\naturalist\data\raw\chiffchaff\234740474.jpg,research
234740832,chiffchaff,Phylloscopus collybita,Пеночка-теньковка,https://inaturalist-open-data.s3.amazonaws.com/photos/417361706/medium.jpeg,C:\Users\Lada\Documents\DS\naturalist\data\raw\chiffchaff\234740832.jpg,research
238468714,chiffchaff,Phylloscopus collybita,Пеночка-теньковка,https://static.inaturalist.org/photos/424545892/medium.jpg,C:\Users\Lada\Documents\DS\naturalist\data\raw\chiffchaff\238468714.jpg,research
241137387,chiffchaff,Phylloscopus collybita,Пеночка-теньковка,https://static.inaturalist.org/photos/429718436/medium.jpg,C:\Users\Lada\Documents\DS\naturalist\data\raw\chiffchaff\241137387.jpg,research
244343321,chiffchaff,Phylloscopus collybita,Пеночка-теньковка,https://inaturalist-open-data.s3.amazonaws.com/photos/435831422/medium.jpg,C:\Users\Lada\Documents\DS\naturalist\data\raw\chiffchaff\244343321.jpg,research
244343911,chiffchaff,Phylloscopus collybita,Пеночка-теньковка,https://inaturalist-open-data.s3.amazonaws.com/photos/435832784/medium.jpg,C:\Users\Lada\Documents\DS\naturalist\data\raw\chiffchaff\244343911.jpg,research
258937216,chiffchaff,Phylloscopus collybita,Пеночка-теньковка,https://inaturalist-open-data.s3.amazonaws.com/photos/464698215/medium.jpg,C:\Users\Lada\Documents\DS\naturalist\data\raw\chiffchaff\258937216.jpg,research
258937225,chiffchaff,Phylloscopus collybita,Пеночка-теньковка,https://inaturalist-open-data.s3.amazonaws.com/photos/464698232/medium.jpg,C:\Users\Lada\Documents\DS\naturalist\data\raw\chiffchaff\258937225.jpg,research
258937240,chiffchaff,Phylloscopus collybita,Пеночка-теньковка,https://inaturalist-open-data.s3.amazonaws.com/photos/464698256/medium.jpg,C:\Users\Lada\Documents\DS\naturalist\data\raw\chiffchaff\258937240.jpg,research
258937241,chiffchaff,Phylloscopus collybita,Пеночка-теньковка,https://inaturalist-open-data.s3.amazonaws.com/photos/464698266/medium.jpg,C:\Users\Lada\Documents\DS\naturalist\data\raw\chiffchaff\258937241.jpg,research
273179689,chiffchaff,Phylloscopus collybita,Пеночка-теньковка,https://static.inaturalist.org/photos/491368769/medium.jpg,C:\Users\Lada\Documents\DS\naturalist\data\raw\chiffchaff\273179689.jpg,research
276586120,chiffchaff,Phylloscopus collybita,Пеночка-теньковка,https://static.inaturalist.org/photos/496672613/medium.jpg,C:\Users\Lada\Documents\DS\naturalist\data\raw\chiffchaff\276586120.jpg,research
278730359,chiffchaff,Phylloscopus collybita,Пеночка-теньковка,https://static.inaturalist.org/photos/500488980/medium.jpg,C:\Users\Lada\Documents\DS\naturalist\data\raw\chiffchaff\278730359.jpg,research
279260691,chiffchaff,Phylloscopus collybita,Пеночка-теньковка,https://static.inaturalist.org/photos/501456724/medium.jpg,C:\Users\Lada\Documents\DS\naturalist\data\raw\chiffchaff\279260691.jpg,research
286895564,chiffchaff,Phylloscopus collybita,Пеночка-теньковка,https://inaturalist-open-data.s3.amazonaws.com/photos/515812080/medium.jpg,C:\Users\Lada\Documents\DS\naturalist\data\raw\chiffchaff\286895564.jpg,research
287066507,chiffchaff,Phylloscopus collybita,Пеночка-теньковка,https://static.inaturalist.org/photos/516127381/medium.jpg,C:\Users\Lada\Documents\DS\naturalist\data\raw\chiffchaff\287066507.jpg,research
303408540,chiffchaff,Phylloscopus collybita,Пеночка-теньковка,https://inaturalist-open-data.s3.amazonaws.com/photos/546846593/medium.jpg,C:\Users\Lada\Documents\DS\naturalist\data\raw\chiffchaff\303408540.jpg,research
305754998,chiffchaff,Phylloscopus collybita,Пеночка-теньковка,https://inaturalist-open-data.s3.amazonaws.com/photos/551321147/medium.jpg,C:\Users\Lada\Documents\DS\naturalist\data\raw\chiffchaff\305754998.jpg,research
305755344,chiffchaff,Phylloscopus collybita,Пеночка-теньковка,https://inaturalist-open-data.s3.amazonaws.com/photos/551322065/medium.jpg,C:\Users\Lada\Documents\DS\naturalist\data\raw\chiffchaff\305755344.jpg,research
307915689,chiffchaff,Phylloscopus collybita,Пеночка-теньковка,https://static.inaturalist.org/photos/555463378/medium.jpg,C:\Users\Lada\Documents\DS\naturalist\data\raw\chiffchaff\307915689.jpg,research
307915699,chiffchaff,Phylloscopus collybita,Пеночка-теньковка,https://static.inaturalist.org/photos/555463879/medium.jpg,C:\Users\Lada\Documents\DS\naturalist\data\raw\chiffchaff\307915699.jpg,research
308005433,chiffchaff,Phylloscopus collybita,Пеночка-теньковка,https://inaturalist-open-data.s3.amazonaws.com/photos/555632719/medium.jpg,C:\Users\Lada\Documents\DS\naturalist\data\raw\chiffchaff\308005433.jpg,research
310049540,chiffchaff,Phylloscopus collybita,Пеночка-теньковка,https://inaturalist-open-data.s3.amazonaws.com/photos/559526227/medium.jpg,C:\Users\Lada\Documents\DS\naturalist\data\raw\chiffchaff\310049540.jpg,research
312170991,chiffchaff,Phylloscopus collybita,Пеночка-теньковка,https://inaturalist-open-data.s3.amazonaws.com/photos/563589506/medium.jpg,C:\Users\Lada\Documents\DS\naturalist\data\raw\chiffchaff\312170991.jpg,research
312755851,chiffchaff,Phylloscopus collybita,Пеночка-теньковка,https://inaturalist-open-data.s3.amazonaws.com/photos/564717758/medium.jpg,C:\Users\Lada\Documents\DS\naturalist\data\raw\chiffchaff\312755851.jpg,research
314589252,chiffchaff,Phylloscopus collybita,Пеночка-теньковка,https://static.inaturalist.org/photos/568195586/medium.jpg,C:\Users\Lada\Documents\DS\naturalist\data\raw\chiffchaff\314589252.jpg,research
314589256,chiffchaff,Phylloscopus collybita,Пеночка-теньковка,https://static.inaturalist.org/photos/568196031/medium.jpg,C:\Users\Lada\Documents\DS\naturalist\data\raw\chiffchaff\314589256.jpg,research
314589299,chiffchaff,Phylloscopus collybita,Пеночка-теньковка,https://static.inaturalist.org/photos/568199514/medium.jpg,C:\Users\Lada\Documents\DS\naturalist\data\raw\chiffchaff\314589299.jpg,research
314830111,chiffchaff,Phylloscopus collybita,Пеночка-теньковка,https://inaturalist-open-data.s3.amazonaws.com/photos/568666510/medium.jpg,C:\Users\Lada\Documents\DS\naturalist\data\raw\chiffchaff\314830111.jpg,research
320495503,chiffchaff,Phylloscopus collybita,Пеночка-теньковка,https://inaturalist-open-data.s3.amazonaws.com/photos/579447545/medium.jpg,C:\Users\Lada\Documents\DS\naturalist\data\raw\chiffchaff\320495503.jpg,research
320495597,chiffchaff,Phylloscopus collybita,Пеночка-теньковка,https://inaturalist-open-data.s3.amazonaws.com/photos/579471804/medium.jpg,C:\Users\Lada\Documents\DS\naturalist\data\raw\chiffchaff\320495597.jpg,research
324002171,chiffchaff,Phylloscopus collybita,Пеночка-теньковка,https://inaturalist-open-data.s3.amazonaws.com/photos/586350172/medium.jpg,C:\Users\Lada\Documents\DS\naturalist\data\raw\chiffchaff\324002171.jpg,research
18938408,nuthatch,Sitta europaea,Обыкновенный поползень,https://inaturalist-open-data.s3.amazonaws.com/photos/29032317/medium.jpg,C:\Users\Lada\Documents\DS\naturalist\data\raw\nuthatch\18938408.jpg,research
19031160,nuthatch,Sitta europaea,Обыкновенный поползень,https://inaturalist-open-data.s3.amazonaws.com/photos/29187980/medium.jpg,C:\Users\Lada\Documents\DS\naturalist\data\raw\nuthatch\19031160.jpg,research
20010707,nuthatch,Sitta europaea,Обыкновенный поползень,https://inaturalist-open-data.s3.amazonaws.com/photos/30885573/medium.jpeg,C:\Users\Lada\Documents\DS\naturalist\data\raw\nuthatch\20010707.jpg,research
37136916,nuthatch,Sitta europaea,Обыкновенный поползень,https://inaturalist-open-data.s3.amazonaws.com/photos/58822707/medium.jpeg,C:\Users\Lada\Documents\DS\naturalist\data\raw\nuthatch\37136916.jpg,research
37436022,nuthatch,Sitta europaea,Обыкновенный поползень,https://inaturalist-open-data.s3.amazonaws.com/photos/59346869/medium.jpeg,C:\Users\Lada\Documents\DS\naturalist\data\raw\nuthatch\37436022.jpg,research
37521356,nuthatch,Sitta europaea,Обыкновенный поползень,https://inaturalist-open-data.s3.amazonaws.com/photos/59496439/medium.jpg,C:\Users\Lada\Documents\DS\naturalist\data\raw\nuthatch\37521356.jpg,research
41424044,nuthatch,Sitta europaea,Обыкновенный поползень,https://inaturalist-open-data.s3.amazonaws.com/photos/65714232/medium.jpg,C:\Users\Lada\Documents\DS\naturalist\data\raw\nuthatch\41424044.jpg,research
47158527,nuthatch,Sitta europaea,Обыкновенный поползень,https://inaturalist-open-data.s3.amazonaws.com/photos/74788141/medium.jpeg,C:\Users\Lada\Documents\DS\naturalist\data\raw\nuthatch\47158527.jpg,research
52610014,nuthatch,Sitta europaea,Обыкновенный поползень,https://static.inaturalist.org/photos/83642117/medium.jpeg,C:\Users\Lada\Documents\DS\naturalist\data\raw\nuthatch\52610014.jpg,research
65415303,nuthatch,Sitta europaea,Обыкновенный поползень,https://static.inaturalist.org/photos/105281771/medium.jpeg,C:\Users\Lada\Documents\DS\naturalist\data\raw\nuthatch\65415303.jpg,research
66475153,nuthatch,Sitta europaea,Обыкновенный поползень,https://static.inaturalist.org/photos/107170746/medium.jpeg,C:\Users\Lada\Documents\DS\naturalist\data\raw\nuthatch\66475153.jpg,research
67627512,nuthatch,Sitta europaea,Обыкновенный поползень,https://inaturalist-open-data.s3.amazonaws.com/photos/109309087/medium.jpeg,C:\Users\Lada\Documents\DS\naturalist\data\raw\nuthatch\67627512.jpg,research
67628017,nuthatch,Sitta europaea,Обыкновенный поползень,https://inaturalist-open-data.s3.amazonaws.com/photos/109310265/medium.jpeg,C:\Users\Lada\Documents\DS\naturalist\data\raw\nuthatch\67628017.jpg,research
69001657,nuthatch,Sitta europaea,Обыкновенный поползень,https://inaturalist-open-data.s3.amazonaws.com/photos/111866800/medium.jpg,C:\Users\Lada\Documents\DS\naturalist\data\raw\nuthatch\69001657.jpg,research
71225453,nuthatch,Sitta europaea,Обыкновенный поползень,https://inaturalist-open-data.s3.amazonaws.com/photos/115927421/medium.jpeg,C:\Users\Lada\Documents\DS\naturalist\data\raw\nuthatch\71225453.jpg,research
71226252,nuthatch,Sitta europaea,Обыкновенный поползень,https://inaturalist-open-data.s3.amazonaws.com/photos/115928549/medium.jpeg,C:\Users\Lada\Documents\DS\naturalist\data\raw\nuthatch\71226252.jpg,research
71226624,nuthatch,Sitta europaea,Обыкновенный поползень,https://inaturalist-open-data.s3.amazonaws.com/photos/115929158/medium.jpeg,C:\Users\Lada\Documents\DS\naturalist\data\raw\nuthatch\71226624.jpg,research
75283501,nuthatch,Sitta europaea,Обыкновенный поползень,https://static.inaturalist.org/photos/123142838/medium.jpg,C:\Users\Lada\Documents\DS\naturalist\data\raw\nuthatch\75283501.jpg,research
93358281,nuthatch,Sitta europaea,Обыкновенный поползень,https://inaturalist-open-data.s3.amazonaws.com/photos/154723104/medium.jpeg,C:\Users\Lada\Documents\DS\naturalist\data\raw\nuthatch\93358281.jpg,research
93365383,nuthatch,Sitta europaea,Обыкновенный поползень,https://inaturalist-open-data.s3.amazonaws.com/photos/154735325/medium.jpeg,C:\Users\Lada\Documents\DS\naturalist\data\raw\nuthatch\93365383.jpg,research
93458812,nuthatch,Sitta europaea,Обыкновенный поползень,https://inaturalist-open-data.s3.amazonaws.com/photos/154902407/medium.jpg,C:\Users\Lada\Documents\DS\naturalist\data\raw\nuthatch\93458812.jpg,research
95301245,nuthatch,Sitta europaea,Обыкновенный поползень,https://inaturalist-open-data.s3.amazonaws.com/photos/158194091/medium.jpeg,C:\Users\Lada\Documents\DS\naturalist\data\raw\nuthatch\95301245.jpg,research
98534222,nuthatch,Sitta europaea,Обыкновенный поползень,https://inaturalist-open-data.s3.amazonaws.com/photos/164072059/medium.jpeg,C:\Users\Lada\Documents\DS\naturalist\data\raw\nuthatch\98534222.jpg,research
102476678,nuthatch,Sitta europaea,Обыкновенный поползень,https://inaturalist-open-data.s3.amazonaws.com/photos/171312005/medium.jpeg,C:\Users\Lada\Documents\DS\naturalist\data\raw\nuthatch\102476678.jpg,research
105369553,nuthatch,Sitta europaea,Обыкновенный поползень,https://static.inaturalist.org/photos/176782167/medium.jpg,C:\Users\Lada\Documents\DS\naturalist\data\raw\nuthatch\105369553.jpg,research
105663184,nuthatch,Sitta europaea,Обыкновенный поползень,https://static.inaturalist.org/photos/177336654/medium.jpg,C:\Users\Lada\Documents\DS\naturalist\data\raw\nuthatch\105663184.jpg,research
105663185,nuthatch,Sitta europaea,Обыкновенный поползень,https://static.inaturalist.org/photos/177336657/medium.jpg,C:\Users\Lada\Documents\DS\naturalist\data\raw\nuthatch\105663185.jpg,research
105663192,nuthatch,Sitta europaea,Обыкновенный поползень,https://static.inaturalist.org/photos/177336683/medium.jpg,C:\Users\Lada\Documents\DS\naturalist\data\raw\nuthatch\105663192.jpg,research
109853053,nuthatch,Sitta europaea,Обыкновенный поползень,https://inaturalist-open-data.s3.amazonaws.com/photos/185222897/medium.jpeg,C:\Users\Lada\Documents\DS\naturalist\data\raw\nuthatch\109853053.jpg,research
123708028,nuthatch,Sitta europaea,Обыкновенный поползень,https://inaturalist-open-data.s3.amazonaws.com/photos/209597185/medium.jpeg,C:\Users\Lada\Documents\DS\naturalist\data\raw\nuthatch\123708028.jpg,research
132990228,nuthatch,Sitta europaea,Обыкновенный поползень,https://inaturalist-open-data.s3.amazonaws.com/photos/226460177/medium.jpeg,C:\Users\Lada\Documents\DS\naturalist\data\raw\nuthatch\132990228.jpg,research
133794859,nuthatch,Sitta europaea,Обыкновенный поползень,https://inaturalist-open-data.s3.amazonaws.com/photos/227947269/medium.jpg,C:\Users\Lada\Documents\DS\naturalist\data\raw\nuthatch\133794859.jpg,research
145755639,nuthatch,Sitta europaea,Обыкновенный поползень,https://static.inaturalist.org/photos/250428797/medium.jpeg,C:\Users\Lada\Documents\DS\naturalist\data\raw\nuthatch\145755639.jpg,research
146771166,nuthatch,Sitta europaea,Обыкновенный поползень,https://static.inaturalist.org/photos/252412256/medium.jpg,C:\Users\Lada\Documents\DS\naturalist\data\raw\nuthatch\146771166.jpg,research
147105328,nuthatch,Sitta europaea,Обыкновенный поползень,https://static.inaturalist.org/photos/253067474/medium.jpg,C:\Users\Lada\Documents\DS\naturalist\data\raw\nuthatch\147105328.jpg,research
148400248,nuthatch,Sitta europaea,Обыкновенный поползень,https://static.inaturalist.org/photos/255547460/medium.jpg,C:\Users\Lada\Documents\DS\naturalist\data\raw\nuthatch\148400248.jpg,research
152071330,nuthatch,Sitta europaea,Обыкновенный поползень,https://inaturalist-open-data.s3.amazonaws.com/photos/262473523/medium.jpeg,C:\Users\Lada\Documents\DS\naturalist\data\raw\nuthatch\152071330.jpg,research
152972078,nuthatch,Sitta europaea,Обыкновенный поползень,https://static.inaturalist.org/photos/264141962/medium.jpg,C:\Users\Lada\Documents\DS\naturalist\data\raw\nuthatch\152972078.jpg,research
153910872,nuthatch,Sitta europaea,Обыкновенный поползень,https://inaturalist-open-data.s3.amazonaws.com/photos/265885646/medium.jpg,C:\Users\Lada\Documents\DS\naturalist\data\raw\nuthatch\153910872.jpg,research
154538111,nuthatch,Sitta europaea,Обыкновенный поползень,https://inaturalist-open-data.s3.amazonaws.com/photos/267035395/medium.jpg,C:\Users\Lada\Documents\DS\naturalist\data\raw\nuthatch\154538111.jpg,research
155999661,nuthatch,Sitta europaea,Обыкновенный поползень,https://inaturalist-open-data.s3.amazonaws.com/photos/269708714/medium.jpg,C:\Users\Lada\Documents\DS\naturalist\data\raw\nuthatch\155999661.jpg,research
160878507,nuthatch,Sitta europaea,Обыкновенный поползень,https://inaturalist-open-data.s3.amazonaws.com/photos/278039231/medium.jpg,C:\Users\Lada\Documents\DS\naturalist\data\raw\nuthatch\160878507.jpg,research
166400176,nuthatch,Sitta europaea,Обыкновенный поползень,https://inaturalist-open-data.s3.amazonaws.com/photos/288154782/medium.jpg,C:\Users\Lada\Documents\DS\naturalist\data\raw\nuthatch\166400176.jpg,research
169407463,nuthatch,Sitta europaea,Обыкновенный поползень,https://inaturalist-open-data.s3.amazonaws.com/photos/293695750/medium.jpeg,C:\Users\Lada\Documents\DS\naturalist\data\raw\nuthatch\169407463.jpg,research
172386353,nuthatch,Sitta europaea,Обыкновенный поползень,https://static.inaturalist.org/photos/299249666/medium.jpg,C:\Users\Lada\Documents\DS\naturalist\data\raw\nuthatch\172386353.jpg,research
173998427,nuthatch,Sitta europaea,Обыкновенный поползень,https://inaturalist-open-data.s3.amazonaws.com/photos/302231991/medium.jpg,C:\Users\Lada\Documents\DS\naturalist\data\raw\nuthatch\173998427.jpg,research
174272975,nuthatch,Sitta europaea,Обыкновенный поползень,https://inaturalist-open-data.s3.amazonaws.com/photos/302742215/medium.jpeg,C:\Users\Lada\Documents\DS\naturalist\data\raw\nuthatch\174272975.jpg,research
176178551,nuthatch,Sitta europaea,Обыкновенный поползень,https://inaturalist-open-data.s3.amazonaws.com/photos/306262131/medium.jpg,C:\Users\Lada\Documents\DS\naturalist\data\raw\nuthatch\176178551.jpg,research
176727507,nuthatch,Sitta europaea,Обыкновенный поползень,https://inaturalist-open-data.s3.amazonaws.com/photos/307289297/medium.jpg,C:\Users\Lada\Documents\DS\naturalist\data\raw\nuthatch\176727507.jpg,research
179995103,nuthatch,Sitta europaea,Обыкновенный поползень,https://inaturalist-open-data.s3.amazonaws.com/photos/313457903/medium.jpg,C:\Users\Lada\Documents\DS\naturalist\data\raw\nuthatch\179995103.jpg,research
179995395,nuthatch,Sitta europaea,Обыкновенный поползень,https://inaturalist-open-data.s3.amazonaws.com/photos/313458473/medium.jpg,C:\Users\Lada\Documents\DS\naturalist\data\raw\nuthatch\179995395.jpg,research
180815071,nuthatch,Sitta europaea,Обыкновенный поползень,https://inaturalist-open-data.s3.amazonaws.com/photos/315029981/medium.jpg,C:\Users\Lada\Documents\DS\naturalist\data\raw\nuthatch\180815071.jpg,research
182938022,nuthatch,Sitta europaea,Обыкновенный поползень,https://static.inaturalist.org/photos/319062350/medium.jpg,C:\Users\Lada\Documents\DS\naturalist\data\raw\nuthatch\182938022.jpg,research
183259102,nuthatch,Sitta europaea,Обыкновенный поползень,https://inaturalist-open-data.s3.amazonaws.com/photos/319686737/medium.jpg,C:\Users\Lada\Documents\DS\naturalist\data\raw\nuthatch\183259102.jpg,research
183259253,nuthatch,Sitta europaea,Обыкновенный поползень,https://inaturalist-open-data.s3.amazonaws.com/photos/319687030/medium.jpg,C:\Users\Lada\Documents\DS\naturalist\data\raw\nuthatch\183259253.jpg,research
183886846,nuthatch,Sitta europaea,Обыкновенный поползень,https://inaturalist-open-data.s3.amazonaws.com/photos/320883853/medium.jpg,C:\Users\Lada\Documents\DS\naturalist\data\raw\nuthatch\183886846.jpg,research
188652050,nuthatch,Sitta europaea,Обыкновенный поползень,https://inaturalist-open-data.s3.amazonaws.com/photos/330251894/medium.jpeg,C:\Users\Lada\Documents\DS\naturalist\data\raw\nuthatch\188652050.jpg,research
189339197,nuthatch,Sitta europaea,Обыкновенный поползень,https://static.inaturalist.org/photos/331655383/medium.jpg,C:\Users\Lada\Documents\DS\naturalist\data\raw\nuthatch\189339197.jpg,research
189339222,nuthatch,Sitta europaea,Обыкновенный поползень,https://static.inaturalist.org/photos/331655528/medium.jpg,C:\Users\Lada\Documents\DS\naturalist\data\raw\nuthatch\189339222.jpg,research
189370093,nuthatch,Sitta europaea,Обыкновенный поползень,https://inaturalist-open-data.s3.amazonaws.com/photos/331710733/medium.jpeg,C:\Users\Lada\Documents\DS\naturalist\data\raw\nuthatch\189370093.jpg,research
189370104,nuthatch,Sitta europaea,Обыкновенный поползень,https://inaturalist-open-data.s3.amazonaws.com/photos/331715759/medium.jpeg,C:\Users\Lada\Documents\DS\naturalist\data\raw\nuthatch\189370104.jpg,research
190117797,nuthatch,Sitta europaea,Обыкновенный поползень,https://inaturalist-open-data.s3.amazonaws.com/photos/333209853/medium.jpg,C:\Users\Lada\Documents\DS\naturalist\data\raw\nuthatch\190117797.jpg,research
190214751,nuthatch,Sitta europaea,Обыкновенный поползень,https://inaturalist-open-data.s3.amazonaws.com/photos/333386032/medium.jpg,C:\Users\Lada\Documents\DS\naturalist\data\raw\nuthatch\190214751.jpg,research
190727717,nuthatch,Sitta europaea,Обыкновенный поползень,https://inaturalist-open-data.s3.amazonaws.com/photos/334418900/medium.jpg,C:\Users\Lada\Documents\DS\naturalist\data\raw\nuthatch\190727717.jpg,research
190926732,nuthatch,Sitta europaea,Обыкновенный поползень,https://inaturalist-open-data.s3.amazonaws.com/photos/334814037/medium.jpg,C:\Users\Lada\Documents\DS\naturalist\data\raw\nuthatch\190926732.jpg,research
191088424,nuthatch,Sitta europaea,Обыкновенный поползень,https://inaturalist-open-data.s3.amazonaws.com/photos/335139167/medium.jpg,C:\Users\Lada\Documents\DS\naturalist\data\raw\nuthatch\191088424.jpg,research
191201026,nuthatch,Sitta europaea,Обыкновенный поползень,https://static.inaturalist.org/photos/335365589/medium.jpg,C:\Users\Lada\Documents\DS\naturalist\data\raw\nuthatch\191201026.jpg,research
191201029,nuthatch,Sitta europaea,Обыкновенный поползень,https://static.inaturalist.org/photos/335365980/medium.jpg,C:\Users\Lada\Documents\DS\naturalist\data\raw\nuthatch\191201029.jpg,research
191758951,nuthatch,Sitta europaea,Обыкновенный поползень,https://static.inaturalist.org/photos/336481326/medium.jpg,C:\Users\Lada\Documents\DS\naturalist\data\raw\nuthatch\191758951.jpg,research
192179422,nuthatch,Sitta europaea,Обыкновенный поползень,https://inaturalist-open-data.s3.amazonaws.com/photos/337314638/medium.jpg,C:\Users\Lada\Documents\DS\naturalist\data\raw\nuthatch\192179422.jpg,research
193020481,nuthatch,Sitta europaea,Обыкновенный поползень,https://inaturalist-open-data.s3.amazonaws.com/photos/338986468/medium.jpeg,C:\Users\Lada\Documents\DS\naturalist\data\raw\nuthatch\193020481.jpg,research
193135571,nuthatch,Sitta europaea,Обыкновенный поползень,https://static.inaturalist.org/photos/339224161/medium.jpg,C:\Users\Lada\Documents\DS\naturalist\data\raw\nuthatch\193135571.jpg,research
193735353,nuthatch,Sitta europaea,Обыкновенный поползень,https://inaturalist-open-data.s3.amazonaws.com/photos/340359969/medium.jpg,C:\Users\Lada\Documents\DS\naturalist\data\raw\nuthatch\193735353.jpg,research
194213167,nuthatch,Sitta europaea,Обыкновенный поползень,https://inaturalist-open-data.s3.amazonaws.com/photos/341324728/medium.jpg,C:\Users\Lada\Documents\DS\naturalist\data\raw\nuthatch\194213167.jpg,research
194213202,nuthatch,Sitta europaea,Обыкновенный поползень,https://inaturalist-open-data.s3.amazonaws.com/photos/341324832/medium.jpg,C:\Users\Lada\Documents\DS\naturalist\data\raw\nuthatch\194213202.jpg,research
194213237,nuthatch,Sitta europaea,Обыкновенный поползень,https://inaturalist-open-data.s3.amazonaws.com/photos/341324958/medium.jpg,C:\Users\Lada\Documents\DS\naturalist\data\raw\nuthatch\194213237.jpg,research
194213270,nuthatch,Sitta europaea,Обыкновенный поползень,https://inaturalist-open-data.s3.amazonaws.com/photos/341325074/medium.jpg,C:\Users\Lada\Documents\DS\naturalist\data\raw\nuthatch\194213270.jpg,research
194213332,nuthatch,Sitta europaea,Обыкновенный поползень,https://inaturalist-open-data.s3.amazonaws.com/photos/341325204/medium.jpg,C:\Users\Lada\Documents\DS\naturalist\data\raw\nuthatch\194213332.jpg,research
195948316,nuthatch,Sitta europaea,Обыкновенный поползень,https://inaturalist-open-data.s3.amazonaws.com/photos/344856441/medium.jpeg,C:\Users\Lada\Documents\DS\naturalist\data\raw\nuthatch\195948316.jpg,research
195951208,nuthatch,Sitta europaea,Обыкновенный поползень,https://inaturalist-open-data.s3.amazonaws.com/photos/344858996/medium.jpeg,C:\Users\Lada\Documents\DS\naturalist\data\raw\nuthatch\195951208.jpg,research
195951226,nuthatch,Sitta europaea,Обыкновенный поползень,https://inaturalist-open-data.s3.amazonaws.com/photos/344859486/medium.jpeg,C:\Users\Lada\Documents\DS\naturalist\data\raw\nuthatch\195951226.jpg,research
195951253,nuthatch,Sitta europaea,Обыкновенный поползень,https://inaturalist-open-data.s3.amazonaws.com/photos/344860599/medium.jpeg,C:\Users\Lada\Documents\DS\naturalist\data\raw\nuthatch\195951253.jpg,research
196363749,nuthatch,Sitta europaea,Обыкновенный поползень,https://inaturalist-open-data.s3.amazonaws.com/photos/345690704/medium.jpeg,C:\Users\Lada\Documents\DS\naturalist\data\raw\nuthatch\196363749.jpg,research
196672843,nuthatch,Sitta europaea,Обыкновенный поползень,https://inaturalist-open-data.s3.amazonaws.com/photos/346196148/medium.jpg,C:\Users\Lada\Documents\DS\naturalist\data\raw\nuthatch\196672843.jpg,research
196990348,nuthatch,Sitta europaea,Обыкновенный поползень,https://static.inaturalist.org/photos/346838017/medium.jpg,C:\Users\Lada\Documents\DS\naturalist\data\raw\nuthatch\196990348.jpg,research
197381731,nuthatch,Sitta europaea,Обыкновенный поползень,https://static.inaturalist.org/photos/347628656/medium.jpg,C:\Users\Lada\Documents\DS\naturalist\data\raw\nuthatch\197381731.jpg,research
198223025,nuthatch,Sitta europaea,Обыкновенный поползень,https://static.inaturalist.org/photos/349325554/medium.jpg,C:\Users\Lada\Documents\DS\naturalist\data\raw\nuthatch\198223025.jpg,research
198816742,nuthatch,Sitta europaea,Обыкновенный поползень,https://static.inaturalist.org/photos/350497199/medium.jpg,C:\Users\Lada\Documents\DS\naturalist\data\raw\nuthatch\198816742.jpg,research
198921093,nuthatch,Sitta europaea,Обыкновенный поползень,https://inaturalist-open-data.s3.amazonaws.com/photos/350696404/medium.jpeg,C:\Users\Lada\Documents\DS\naturalist\data\raw\nuthatch\198921093.jpg,research
199668870,nuthatch,Sitta europaea,Обыкновенный поползень,https://inaturalist-open-data.s3.amazonaws.com/photos/352155120/medium.jpeg,C:\Users\Lada\Documents\DS\naturalist\data\raw\nuthatch\199668870.jpg,research
199668875,nuthatch,Sitta europaea,Обыкновенный поползень,https://inaturalist-open-data.s3.amazonaws.com/photos/352155283/medium.jpeg,C:\Users\Lada\Documents\DS\naturalist\data\raw\nuthatch\199668875.jpg,research
199908538,nuthatch,Sitta europaea,Обыкновенный поползень,https://static.inaturalist.org/photos/352605706/medium.jpg,C:\Users\Lada\Documents\DS\naturalist\data\raw\nuthatch\199908538.jpg,research
201720156,nuthatch,Sitta europaea,Обыкновенный поползень,https://inaturalist-open-data.s3.amazonaws.com/photos/356129711/medium.png,C:\Users\Lada\Documents\DS\naturalist\data\raw\nuthatch\201720156.jpg,research
201971365,nuthatch,Sitta europaea,Обыкновенный поползень,https://inaturalist-open-data.s3.amazonaws.com/photos/356617891/medium.jpg,C:\Users\Lada\Documents\DS\naturalist\data\raw\nuthatch\201971365.jpg,research
202847708,nuthatch,Sitta europaea,Обыкновенный поползень,https://static.inaturalist.org/photos/358305626/medium.jpg,C:\Users\Lada\Documents\DS\naturalist\data\raw\nuthatch\202847708.jpg,research
204143453,nuthatch,Sitta europaea,Обыкновенный поползень,https://inaturalist-open-data.s3.amazonaws.com/photos/360790742/medium.jpeg,C:\Users\Lada\Documents\DS\naturalist\data\raw\nuthatch\204143453.jpg,research
204145373,nuthatch,Sitta europaea,Обыкновенный поползень,https://inaturalist-open-data.s3.amazonaws.com/photos/360794706/medium.jpeg,C:\Users\Lada\Documents\DS\naturalist\data\raw\nuthatch\204145373.jpg,research
204302707,nuthatch,Sitta europaea,Обыкновенный поползень,https://inaturalist-open-data.s3.amazonaws.com/photos/361094842/medium.jpeg,C:\Users\Lada\Documents\DS\naturalist\data\raw\nuthatch\204302707.jpg,research
204948491,nuthatch,Sitta europaea,Обыкновенный поползень,https://static.inaturalist.org/photos/362316281/medium.jpg,C:\Users\Lada\Documents\DS\naturalist\data\raw\nuthatch\204948491.jpg,research
214670193,nuthatch,Sitta europaea,Обыкновенный поползень,https://inaturalist-open-data.s3.amazonaws.com/photos/379460745/medium.jpeg,C:\Users\Lada\Documents\DS\naturalist\data\raw\nuthatch\214670193.jpg,research
20010706,swallow,Hirundo rustica,Деревенская ласточка,https://inaturalist-open-data.s3.amazonaws.com/photos/30885567/medium.jpeg,C:\Users\Lada\Documents\DS\naturalist\data\raw\swallow\20010706.jpg,research
25616929,swallow,Hirundo rustica,Деревенская ласточка,https://inaturalist-open-data.s3.amazonaws.com/photos/39697917/medium.jpeg,C:\Users\Lada\Documents\DS\naturalist\data\raw\swallow\25616929.jpg,research
28465200,swallow,Hirundo rustica,Деревенская ласточка,https://inaturalist-open-data.s3.amazonaws.com/photos/44374575/medium.jpg,C:\Users\Lada\Documents\DS\naturalist\data\raw\swallow\28465200.jpg,research
31370309,swallow,Hirundo rustica,Деревенская ласточка,https://inaturalist-open-data.s3.amazonaws.com/photos/49091513/medium.jpg,C:\Users\Lada\Documents\DS\naturalist\data\raw\swallow\31370309.jpg,research
37496927,swallow,Hirundo rustica,Деревенская ласточка,https://inaturalist-open-data.s3.amazonaws.com/photos/59452903/medium.jpeg,C:\Users\Lada\Documents\DS\naturalist\data\raw\swallow\37496927.jpg,research
41423471,swallow,Hirundo rustica,Деревенская ласточка,https://inaturalist-open-data.s3.amazonaws.com/photos/65713211/medium.jpg,C:\Users\Lada\Documents\DS\naturalist\data\raw\swallow\41423471.jpg,research
41424049,swallow,Hirundo rustica,Деревенская ласточка,https://inaturalist-open-data.s3.amazonaws.com/photos/65714334/medium.jpg,C:\Users\Lada\Documents\DS\naturalist\data\raw\swallow\41424049.jpg,research
42189810,swallow,Hirundo rustica,Деревенская ласточка,https://inaturalist-open-data.s3.amazonaws.com/photos/66974057/medium.jpeg,C:\Users\Lada\Documents\DS\naturalist\data\raw\swallow\42189810.jpg,research
45576658,swallow,Hirundo rustica,Деревенская ласточка,https://inaturalist-open-data.s3.amazonaws.com/photos/72275476/medium.jpeg,C:\Users\Lada\Documents\DS\naturalist\data\raw\swallow\45576658.jpg,research
46626579,swallow,Hirundo rustica,Деревенская ласточка,https://inaturalist-open-data.s3.amazonaws.com/photos/73952754/medium.jpeg,C:\Users\Lada\Documents\DS\naturalist\data\raw\swallow\46626579.jpg,research
49101658,swallow,Hirundo rustica,Деревенская ласточка,https://inaturalist-open-data.s3.amazonaws.com/photos/77940035/medium.jpg,C:\Users\Lada\Documents\DS\naturalist\data\raw\swallow\49101658.jpg,research
51553913,swallow,Hirundo rustica,Деревенская ласточка,https://inaturalist-open-data.s3.amazonaws.com/photos/81917728/medium.jpg,C:\Users\Lada\Documents\DS\naturalist\data\raw\swallow\51553913.jpg,research
63839717,swallow,Hirundo rustica,Деревенская ласточка,https://inaturalist-open-data.s3.amazonaws.com/photos/102527930/medium.jpeg,C:\Users\Lada\Documents\DS\naturalist\data\raw\swallow\63839717.jpg,research
65838078,swallow,Hirundo rustica,Деревенская ласточка,https://inaturalist-open-data.s3.amazonaws.com/photos/106033947/medium.jpg,C:\Users\Lada\Documents\DS\naturalist\data\raw\swallow\65838078.jpg,research
67934344,swallow,Hirundo rustica,Деревенская ласточка,https://inaturalist-open-data.s3.amazonaws.com/photos/109887184/medium.jpg,C:\Users\Lada\Documents\DS\naturalist\data\raw\swallow\67934344.jpg,research
71373576,swallow,Hirundo rustica,Деревенская ласточка,https://inaturalist-open-data.s3.amazonaws.com/photos/116196620/medium.jpeg,C:\Users\Lada\Documents\DS\naturalist\data\raw\swallow\71373576.jpg,research
71373652,swallow,Hirundo rustica,Деревенская ласточка,https://inaturalist-open-data.s3.amazonaws.com/photos/116196754/medium.jpeg,C:\Users\Lada\Documents\DS\naturalist\data\raw\swallow\71373652.jpg,research
78320552,swallow,Hirundo rustica,Деревенская ласточка,https://inaturalist-open-data.s3.amazonaws.com/photos/128162174/medium.jpeg,C:\Users\Lada\Documents\DS\naturalist\data\raw\swallow\78320552.jpg,research
81225036,swallow,Hirundo rustica,Деревенская ласточка,https://inaturalist-open-data.s3.amazonaws.com/photos/133205276/medium.jpeg,C:\Users\Lada\Documents\DS\naturalist\data\raw\swallow\81225036.jpg,research
82462716,swallow,Hirundo rustica,Деревенская ласточка,https://static.inaturalist.org/photos/135343704/medium.jpeg,C:\Users\Lada\Documents\DS\naturalist\data\raw\swallow\82462716.jpg,research
83601192,swallow,Hirundo rustica,Деревенская ласточка,https://inaturalist-open-data.s3.amazonaws.com/photos/137324499/medium.jpeg,C:\Users\Lada\Documents\DS\naturalist\data\raw\swallow\83601192.jpg,research
85801891,swallow,Hirundo rustica,Деревенская ласточка,https://inaturalist-open-data.s3.amazonaws.com/photos/141232772/medium.jpg,C:\Users\Lada\Documents\DS\naturalist\data\raw\swallow\85801891.jpg,research
86371064,swallow,Hirundo rustica,Деревенская ласточка,https://inaturalist-open-data.s3.amazonaws.com/photos/142277947/medium.jpeg,C:\Users\Lada\Documents\DS\naturalist\data\raw\swallow\86371064.jpg,research
90770844,swallow,Hirundo rustica,Деревенская ласточка,https://inaturalist-open-data.s3.amazonaws.com/photos/150046407/medium.jpeg,C:\Users\Lada\Documents\DS\naturalist\data\raw\swallow\90770844.jpg,research
91501631,swallow,Hirundo rustica,Деревенская ласточка,https://static.inaturalist.org/photos/151366241/medium.jpeg,C:\Users\Lada\Documents\DS\naturalist\data\raw\swallow\91501631.jpg,research
96714157,swallow,Hirundo rustica,Деревенская ласточка,https://inaturalist-open-data.s3.amazonaws.com/photos/160712632/medium.jpg,C:\Users\Lada\Documents\DS\naturalist\data\raw\swallow\96714157.jpg,research
116457677,swallow,Hirundo rustica,Деревенская ласточка,https://static.inaturalist.org/photos/196583453/medium.jpg,C:\Users\Lada\Documents\DS\naturalist\data\raw\swallow\116457677.jpg,research
116599327,swallow,Hirundo rustica,Деревенская ласточка,https://static.inaturalist.org/photos/196834280/medium.jpeg,C:\Users\Lada\Documents\DS\naturalist\data\raw\swallow\116599327.jpg,research
116599656,swallow,Hirundo rustica,Деревенская ласточка,https://static.inaturalist.org/photos/196834940/medium.jpeg,C:\Users\Lada\Documents\DS\naturalist\data\raw\swallow\116599656.jpg,research
116952529,swallow,Hirundo rustica,Деревенская ласточка,https://inaturalist-open-data.s3.amazonaws.com/photos/197462718/medium.jpg,C:\Users\Lada\Documents\DS\naturalist\data\raw\swallow\116952529.jpg,research
117482768,swallow,Hirundo rustica,Деревенская ласточка,https://inaturalist-open-data.s3.amazonaws.com/photos/198410042/medium.jpeg,C:\Users\Lada\Documents\DS\naturalist\data\raw\swallow\117482768.jpg,research
117482776,swallow,Hirundo rustica,Деревенская ласточка,https://inaturalist-open-data.s3.amazonaws.com/photos/198410081/medium.jpeg,C:\Users\Lada\Documents\DS\naturalist\data\raw\swallow\117482776.jpg,research
117705769,swallow,Hirundo rustica,Деревенская ласточка,https://inaturalist-open-data.s3.amazonaws.com/photos/198812368/medium.jpeg,C:\Users\Lada\Documents\DS\naturalist\data\raw\swallow\117705769.jpg,research
121494821,swallow,Hirundo rustica,Деревенская ласточка,https://inaturalist-open-data.s3.amazonaws.com/photos/205592615/medium.jpeg,C:\Users\Lada\Documents\DS\naturalist\data\raw\swallow\121494821.jpg,research
123265033,swallow,Hirundo rustica,Деревенская ласточка,https://inaturalist-open-data.s3.amazonaws.com/photos/208797596/medium.jpg,C:\Users\Lada\Documents\DS\naturalist\data\raw\swallow\123265033.jpg,research
125180613,swallow,Hirundo rustica,Деревенская ласточка,https://inaturalist-open-data.s3.amazonaws.com/photos/212436625/medium.jpg,C:\Users\Lada\Documents\DS\naturalist\data\raw\swallow\125180613.jpg,research
131053039,swallow,Hirundo rustica,Деревенская ласточка,https://inaturalist-open-data.s3.amazonaws.com/photos/222966090/medium.jpg,C:\Users\Lada\Documents\DS\naturalist\data\raw\swallow\131053039.jpg,research
132790693,swallow,Hirundo rustica,Деревенская ласточка,https://inaturalist-open-data.s3.amazonaws.com/photos/226088440/medium.jpg,C:\Users\Lada\Documents\DS\naturalist\data\raw\swallow\132790693.jpg,research
135181777,swallow,Hirundo rustica,Деревенская ласточка,https://inaturalist-open-data.s3.amazonaws.com/photos/230517841/medium.jpg,C:\Users\Lada\Documents\DS\naturalist\data\raw\swallow\135181777.jpg,research
142091805,swallow,Hirundo rustica,Деревенская ласточка,https://inaturalist-open-data.s3.amazonaws.com/photos/243553413/medium.jpeg,C:\Users\Lada\Documents\DS\naturalist\data\raw\swallow\142091805.jpg,research
142093008,swallow,Hirundo rustica,Деревенская ласточка,https://inaturalist-open-data.s3.amazonaws.com/photos/243556114/medium.jpeg,C:\Users\Lada\Documents\DS\naturalist\data\raw\swallow\142093008.jpg,research
155935266,swallow,Hirundo rustica,Деревенская ласточка,https://static.inaturalist.org/photos/269591043/medium.jpg,C:\Users\Lada\Documents\DS\naturalist\data\raw\swallow\155935266.jpg,research
157219259,swallow,Hirundo rustica,Деревенская ласточка,https://static.inaturalist.org/photos/271862500/medium.jpg,C:\Users\Lada\Documents\DS\naturalist\data\raw\swallow\157219259.jpg,research
157714264,swallow,Hirundo rustica,Деревенская ласточка,https://static.inaturalist.org/photos/272647699/medium.jpg,C:\Users\Lada\Documents\DS\naturalist\data\raw\swallow\157714264.jpg,research
160779962,swallow,Hirundo rustica,Деревенская ласточка,https://static.inaturalist.org/photos/277851147/medium.jpg,C:\Users\Lada\Documents\DS\naturalist\data\raw\swallow\160779962.jpg,research
160877715,swallow,Hirundo rustica,Деревенская ласточка,https://inaturalist-open-data.s3.amazonaws.com/photos/278037310/medium.jpg,C:\Users\Lada\Documents\DS\naturalist\data\raw\swallow\160877715.jpg,research
162618249,swallow,Hirundo rustica,Деревенская ласточка,https://inaturalist-open-data.s3.amazonaws.com/photos/281199152/medium.jpg,C:\Users\Lada\Documents\DS\naturalist\data\raw\swallow\162618249.jpg,research
162638678,swallow,Hirundo rustica,Деревенская ласточка,https://inaturalist-open-data.s3.amazonaws.com/photos/281232185/medium.jpeg,C:\Users\Lada\Documents\DS\naturalist\data\raw\swallow\162638678.jpg,research
165788360,swallow,Hirundo rustica,Деревенская ласточка,https://inaturalist-open-data.s3.amazonaws.com/photos/287016695/medium.jpeg,C:\Users\Lada\Documents\DS\naturalist\data\raw\swallow\165788360.jpg,research
166307221,swallow,Hirundo rustica,Деревенская ласточка,https://inaturalist-open-data.s3.amazonaws.com/photos/287979377/medium.jpg,C:\Users\Lada\Documents\DS\naturalist\data\raw\swallow\166307221.jpg,research
166309361,swallow,Hirundo rustica,Деревенская ласточка,https://inaturalist-open-data.s3.amazonaws.com/photos/287983521/medium.jpg,C:\Users\Lada\Documents\DS\naturalist\data\raw\swallow\166309361.jpg,research
166314304,swallow,Hirundo rustica,Деревенская ласточка,https://inaturalist-open-data.s3.amazonaws.com/photos/287992776/medium.jpg,C:\Users\Lada\Documents\DS\naturalist\data\raw\swallow\166314304.jpg,research
166751561,swallow,Hirundo rustica,Деревенская ласточка,https://inaturalist-open-data.s3.amazonaws.com/photos/288794266/medium.jpeg,C:\Users\Lada\Documents\DS\naturalist\data\raw\swallow\166751561.jpg,research
167386680,swallow,Hirundo rustica,Деревенская ласточка,https://inaturalist-open-data.s3.amazonaws.com/photos/289960240/medium.jpg,C:\Users\Lada\Documents\DS\naturalist\data\raw\swallow\167386680.jpg,research
168563462,swallow,Hirundo rustica,Деревенская ласточка,https://inaturalist-open-data.s3.amazonaws.com/photos/292144244/medium.jpg,C:\Users\Lada\Documents\DS\naturalist\data\raw\swallow\168563462.jpg,research
168626766,swallow,Hirundo rustica,Деревенская ласточка,https://inaturalist-open-data.s3.amazonaws.com/photos/292267154/medium.jpg,C:\Users\Lada\Documents\DS\naturalist\data\raw\swallow\168626766.jpg,research
168697798,swallow,Hirundo rustica,Деревенская ласточка,https://static.inaturalist.org/photos/292395192/medium.jpg,C:\Users\Lada\Documents\DS\naturalist\data\raw\swallow\168697798.jpg,research
169406063,swallow,Hirundo rustica,Деревенская ласточка,https://inaturalist-open-data.s3.amazonaws.com/photos/293693161/medium.jpeg,C:\Users\Lada\Documents\DS\naturalist\data\raw\swallow\169406063.jpg,research
170137462,swallow,Hirundo rustica,Деревенская ласточка,https://static.inaturalist.org/photos/295046836/medium.jpg,C:\Users\Lada\Documents\DS\naturalist\data\raw\swallow\170137462.jpg,research
170507805,swallow,Hirundo rustica,Деревенская ласточка,https://static.inaturalist.org/photos/295741144/medium.jpg,C:\Users\Lada\Documents\DS\naturalist\data\raw\swallow\170507805.jpg,research
170634335,swallow,Hirundo rustica,Деревенская ласточка,https://inaturalist-open-data.s3.amazonaws.com/photos/295982938/medium.jpg,C:\Users\Lada\Documents\DS\naturalist\data\raw\swallow\170634335.jpg,research
173166390,swallow,Hirundo rustica,Деревенская ласточка,https://inaturalist-open-data.s3.amazonaws.com/photos/300696379/medium.jpeg,C:\Users\Lada\Documents\DS\naturalist\data\raw\swallow\173166390.jpg,research
174469097,swallow,Hirundo rustica,Деревенская ласточка,https://inaturalist-open-data.s3.amazonaws.com/photos/303104685/medium.jpeg,C:\Users\Lada\Documents\DS\naturalist\data\raw\swallow\174469097.jpg,research
175326319,swallow,Hirundo rustica,Деревенская ласточка,https://inaturalist-open-data.s3.amazonaws.com/photos/304571759/medium.jpeg,C:\Users\Lada\Documents\DS\naturalist\data\raw\swallow\175326319.jpg,research
181430023,swallow,Hirundo rustica,Деревенская ласточка,https://inaturalist-open-data.s3.amazonaws.com/photos/316154543/medium.jpeg,C:\Users\Lada\Documents\DS\naturalist\data\raw\swallow\181430023.jpg,research
183631580,swallow,Hirundo rustica,Деревенская ласточка,https://inaturalist-open-data.s3.amazonaws.com/photos/320401188/medium.jpg,C:\Users\Lada\Documents\DS\naturalist\data\raw\swallow\183631580.jpg,research
183888023,swallow,Hirundo rustica,Деревенская ласточка,https://inaturalist-open-data.s3.amazonaws.com/photos/320886399/medium.jpg,C:\Users\Lada\Documents\DS\naturalist\data\raw\swallow\183888023.jpg,research
184138504,swallow,Hirundo rustica,Деревенская ласточка,https://static.inaturalist.org/photos/321376739/medium.jpg,C:\Users\Lada\Documents\DS\naturalist\data\raw\swallow\184138504.jpg,research
185606682,swallow,Hirundo rustica,Деревенская ласточка,https://inaturalist-open-data.s3.amazonaws.com/photos/324182233/medium.jpg,C:\Users\Lada\Documents\DS\naturalist\data\raw\swallow\185606682.jpg,research
187544216,swallow,Hirundo rustica,Деревенская ласточка,https://inaturalist-open-data.s3.amazonaws.com/photos/327996135/medium.jpeg,C:\Users\Lada\Documents\DS\naturalist\data\raw\swallow\187544216.jpg,research
192371511,swallow,Hirundo rustica,Деревенская ласточка,https://inaturalist-open-data.s3.amazonaws.com/photos/337684085/medium.jpeg,C:\Users\Lada\Documents\DS\naturalist\data\raw\swallow\192371511.jpg,research
196537758,swallow,Hirundo rustica,Деревенская ласточка,https://static.inaturalist.org/photos/346007151/medium.jpeg,C:\Users\Lada\Documents\DS\naturalist\data\raw\swallow\196537758.jpg,research
198327248,swallow,Hirundo rustica,Деревенская ласточка,https://inaturalist-open-data.s3.amazonaws.com/photos/349528427/medium.jpeg,C:\Users\Lada\Documents\DS\naturalist\data\raw\swallow\198327248.jpg,research
200196334,swallow,Hirundo rustica,Деревенская ласточка,https://inaturalist-open-data.s3.amazonaws.com/photos/353136528/medium.jpg,C:\Users\Lada\Documents\DS\naturalist\data\raw\swallow\200196334.jpg,research
214441127,swallow,Hirundo rustica,Деревенская ласточка,https://static.inaturalist.org/photos/379032766/medium.jpg,C:\Users\Lada\Documents\DS\naturalist\data\raw\swallow\214441127.jpg,research
215551016,swallow,Hirundo rustica,Деревенская ласточка,https://inaturalist-open-data.s3.amazonaws.com/photos/381106076/medium.jpeg,C:\Users\Lada\Documents\DS\naturalist\data\raw\swallow\215551016.jpg,research
216371274,swallow,Hirundo rustica,Деревенская ласточка,https://static.inaturalist.org/photos/382651438/medium.jpg,C:\Users\Lada\Documents\DS\naturalist\data\raw\swallow\216371274.jpg,research
217574570,swallow,Hirundo rustica,Деревенская ласточка,https://inaturalist-open-data.s3.amazonaws.com/photos/384917225/medium.jpg,C:\Users\Lada\Documents\DS\naturalist\data\raw\swallow\217574570.jpg,research
218204898,swallow,Hirundo rustica,Деревенская ласточка,https://inaturalist-open-data.s3.amazonaws.com/photos/386099858/medium.jpg,C:\Users\Lada\Documents\DS\naturalist\data\raw\swallow\218204898.jpg,research
220007024,swallow,Hirundo rustica,Деревенская ласточка,https://inaturalist-open-data.s3.amazonaws.com/photos/389473748/medium.jpg,C:\Users\Lada\Documents\DS\naturalist\data\raw\swallow\220007024.jpg,research
220724546,swallow,Hirundo rustica,Деревенская ласточка,https://inaturalist-open-data.s3.amazonaws.com/photos/390809067/medium.jpg,C:\Users\Lada\Documents\DS\naturalist\data\raw\swallow\220724546.jpg,research
220948852,swallow,Hirundo rustica,Деревенская ласточка,https://static.inaturalist.org/photos/391236791/medium.jpg,C:\Users\Lada\Documents\DS\naturalist\data\raw\swallow\220948852.jpg,research
221585831,swallow,Hirundo rustica,Деревенская ласточка,https://static.inaturalist.org/photos/392415007/medium.jpg,C:\Users\Lada\Documents\DS\naturalist\data\raw\swallow\221585831.jpg,research
223745429,swallow,Hirundo rustica,Деревенская ласточка,https://inaturalist-open-data.s3.amazonaws.com/photos/396488044/medium.jpeg,C:\Users\Lada\Documents\DS\naturalist\data\raw\swallow\223745429.jpg,research
227511930,swallow,Hirundo rustica,Деревенская ласточка,https://inaturalist-open-data.s3.amazonaws.com/photos/403619592/medium.jpg,C:\Users\Lada\Documents\DS\naturalist\data\raw\swallow\227511930.jpg,research
227512035,swallow,Hirundo rustica,Деревенская ласточка,https://inaturalist-open-data.s3.amazonaws.com/photos/403619791/medium.jpg,C:\Users\Lada\Documents\DS\naturalist\data\raw\swallow\227512035.jpg,research
228183185,swallow,Hirundo rustica,Деревенская ласточка,https://inaturalist-open-data.s3.amazonaws.com/photos/404894057/medium.jpeg,C:\Users\Lada\Documents\DS\naturalist\data\raw\swallow\228183185.jpg,research
228388713,swallow,Hirundo rustica,Деревенская ласточка,https://inaturalist-open-data.s3.amazonaws.com/photos/405283294/medium.jpg,C:\Users\Lada\Documents\DS\naturalist\data\raw\swallow\228388713.jpg,research
228436955,swallow,Hirundo rustica,Деревенская ласточка,https://inaturalist-open-data.s3.amazonaws.com/photos/405366374/medium.jpeg,C:\Users\Lada\Documents\DS\naturalist\data\raw\swallow\228436955.jpg,research
228489771,swallow,Hirundo rustica,Деревенская ласточка,https://static.inaturalist.org/photos/405482640/medium.jpeg,C:\Users\Lada\Documents\DS\naturalist\data\raw\swallow\228489771.jpg,research
230300027,swallow,Hirundo rustica,Деревенская ласточка,https://inaturalist-open-data.s3.amazonaws.com/photos/408904586/medium.jpeg,C:\Users\Lada\Documents\DS\naturalist\data\raw\swallow\230300027.jpg,research
230300458,swallow,Hirundo rustica,Деревенская ласточка,https://inaturalist-open-data.s3.amazonaws.com/photos/408905534/medium.jpeg,C:\Users\Lada\Documents\DS\naturalist\data\raw\swallow\230300458.jpg,research
232358323,swallow,Hirundo rustica,Деревенская ласточка,https://static.inaturalist.org/photos/412794438/medium.jpeg,C:\Users\Lada\Documents\DS\naturalist\data\raw\swallow\232358323.jpg,research
232646379,swallow,Hirundo rustica,Деревенская ласточка,https://inaturalist-open-data.s3.amazonaws.com/photos/413349044/medium.jpeg,C:\Users\Lada\Documents\DS\naturalist\data\raw\swallow\232646379.jpg,research
234732115,swallow,Hirundo rustica,Деревенская ласточка,https://inaturalist-open-data.s3.amazonaws.com/photos/417343572/medium.jpeg,C:\Users\Lada\Documents\DS\naturalist\data\raw\swallow\234732115.jpg,research
234844469,swallow,Hirundo rustica,Деревенская ласточка,https://inaturalist-open-data.s3.amazonaws.com/photos/417565308/medium.jpg,C:\Users\Lada\Documents\DS\naturalist\data\raw\swallow\234844469.jpg,research
235899070,swallow,Hirundo rustica,Деревенская ласточка,https://inaturalist-open-data.s3.amazonaws.com/photos/419599872/medium.jpeg,C:\Users\Lada\Documents\DS\naturalist\data\raw\swallow\235899070.jpg,research
236696755,swallow,Hirundo rustica,Деревенская ласточка,https://static.inaturalist.org/photos/421133952/medium.jpg,C:\Users\Lada\Documents\DS\naturalist\data\raw\swallow\236696755.jpg,research
238468736,swallow,Hirundo rustica,Деревенская ласточка,https://static.inaturalist.org/photos/424546438/medium.jpg,C:\Users\Lada\Documents\DS\naturalist\data\raw\swallow\238468736.jpg,research
239235689,swallow,Hirundo rustica,Деревенская ласточка,https://static.inaturalist.org/photos/426039987/medium.jpg,C:\Users\Lada\Documents\DS\naturalist\data\raw\swallow\239235689.jpg,research
20010790,brambling,Fringilla coelebs,Зяблик,https://inaturalist-open-data.s3.amazonaws.com/photos/30885776/medium.jpeg,C:\Users\Lada\Documents\DS\naturalist\data\raw\brambling\20010790.jpg,research
21008692,brambling,Fringilla coelebs,Зяблик,https://inaturalist-open-data.s3.amazonaws.com/photos/32447958/medium.jpeg,C:\Users\Lada\Documents\DS\naturalist\data\raw\brambling\21008692.jpg,research
24202511,brambling,Fringilla coelebs,Зяблик,https://inaturalist-open-data.s3.amazonaws.com/photos/37425451/medium.jpeg,C:\Users\Lada\Documents\DS\naturalist\data\raw\brambling\24202511.jpg,research
24203450,brambling,Fringilla coelebs,Зяблик,https://inaturalist-open-data.s3.amazonaws.com/photos/37427045/medium.jpeg,C:\Users\Lada\Documents\DS\naturalist\data\raw\brambling\24203450.jpg,research
24721837,brambling,Fringilla coelebs,Зяблик,https://inaturalist-open-data.s3.amazonaws.com/photos/38232095/medium.jpeg,C:\Users\Lada\Documents\DS\naturalist\data\raw\brambling\24721837.jpg,research
24741416,brambling,Fringilla coelebs,Зяблик,https://inaturalist-open-data.s3.amazonaws.com/photos/38261449/medium.jpeg,C:\Users\Lada\Documents\DS\naturalist\data\raw\brambling\24741416.jpg,research
25370951,brambling,Fringilla coelebs,Зяблик,https://inaturalist-open-data.s3.amazonaws.com/photos/39286469/medium.jpeg,C:\Users\Lada\Documents\DS\naturalist\data\raw\brambling\25370951.jpg,research
26321958,brambling,Fringilla coelebs,Зяблик,https://inaturalist-open-data.s3.amazonaws.com/photos/40865271/medium.jpeg,C:\Users\Lada\Documents\DS\naturalist\data\raw\brambling\26321958.jpg,research
26400169,brambling,Fringilla coelebs,Зяблик,https://inaturalist-open-data.s3.amazonaws.com/photos/40992724/medium.jpeg,C:\Users\Lada\Documents\DS\naturalist\data\raw\brambling\26400169.jpg,research
37496845,brambling,Fringilla coelebs,Зяблик,https://inaturalist-open-data.s3.amazonaws.com/photos/59452711/medium.jpeg,C:\Users\Lada\Documents\DS\naturalist\data\raw\brambling\37496845.jpg,research
40257338,brambling,Fringilla coelebs,Зяблик,https://inaturalist-open-data.s3.amazonaws.com/photos/63952756/medium.jpeg,C:\Users\Lada\Documents\DS\naturalist\data\raw\brambling\40257338.jpg,research
42377515,brambling,Fringilla coelebs,Зяблик,https://inaturalist-open-data.s3.amazonaws.com/photos/67284487/medium.jpeg,C:\Users\Lada\Documents\DS\naturalist\data\raw\brambling\42377515.jpg,research
42695438,brambling,Fringilla coelebs,Зяблик,https://inaturalist-open-data.s3.amazonaws.com/photos/67803600/medium.jpeg,C:\Users\Lada\Documents\DS\naturalist\data\raw\brambling\42695438.jpg,research
45307288,brambling,Fringilla coelebs,Зяблик,https://inaturalist-open-data.s3.amazonaws.com/photos/71838512/medium.jpeg,C:\Users\Lada\Documents\DS\naturalist\data\raw\brambling\45307288.jpg,research
47801863,brambling,Fringilla coelebs,Зяблик,https://inaturalist-open-data.s3.amazonaws.com/photos/75828486/medium.jpg,C:\Users\Lada\Documents\DS\naturalist\data\raw\brambling\47801863.jpg,research
57310199,brambling,Fringilla coelebs,Зяблик,https://inaturalist-open-data.s3.amazonaws.com/photos/91403117/medium.jpeg,C:\Users\Lada\Documents\DS\naturalist\data\raw\brambling\57310199.jpg,research
61084548,brambling,Fringilla coelebs,Зяблик,https://inaturalist-open-data.s3.amazonaws.com/photos/97713327/medium.jpg,C:\Users\Lada\Documents\DS\naturalist\data\raw\brambling\61084548.jpg,research
61084564,brambling,Fringilla coelebs,Зяблик,https://inaturalist-open-data.s3.amazonaws.com/photos/97713703/medium.jpg,C:\Users\Lada\Documents\DS\naturalist\data\raw\brambling\61084564.jpg,research
63783107,brambling,Fringilla coelebs,Зяблик,https://inaturalist-open-data.s3.amazonaws.com/photos/102426377/medium.jpeg,C:\Users\Lada\Documents\DS\naturalist\data\raw\brambling\63783107.jpg,research
73132547,brambling,Fringilla coelebs,Зяблик,https://inaturalist-open-data.s3.amazonaws.com/photos/119357748/medium.jpeg,C:\Users\Lada\Documents\DS\naturalist\data\raw\brambling\73132547.jpg,research
73739313,brambling,Fringilla coelebs,Зяблик,https://static.inaturalist.org/photos/120425867/medium.jpg,C:\Users\Lada\Documents\DS\naturalist\data\raw\brambling\73739313.jpg,research
73739314,brambling,Fringilla coelebs,Зяблик,https://static.inaturalist.org/photos/120425878/medium.jpg,C:\Users\Lada\Documents\DS\naturalist\data\raw\brambling\73739314.jpg,research
75663105,brambling,Fringilla coelebs,Зяблик,https://static.inaturalist.org/photos/123814255/medium.jpg,C:\Users\Lada\Documents\DS\naturalist\data\raw\brambling\75663105.jpg,research
76675697,brambling,Fringilla coelebs,Зяблик,https://inaturalist-open-data.s3.amazonaws.com/photos/125404471/medium.jpeg,C:\Users\Lada\Documents\DS\naturalist\data\raw\brambling\76675697.jpg,research
80597892,brambling,Fringilla coelebs,Зяблик,https://static.inaturalist.org/photos/132107556/medium.jpeg,C:\Users\Lada\Documents\DS\naturalist\data\raw\brambling\80597892.jpg,research
84833367,brambling,Fringilla coelebs,Зяблик,https://inaturalist-open-data.s3.amazonaws.com/photos/139480681/medium.jpeg,C:\Users\Lada\Documents\DS\naturalist\data\raw\brambling\84833367.jpg,research
86843620,brambling,Fringilla coelebs,Зяблик,https://inaturalist-open-data.s3.amazonaws.com/photos/143135777/medium.jpeg,C:\Users\Lada\Documents\DS\naturalist\data\raw\brambling\86843620.jpg,research
93357957,brambling,Fringilla coelebs,Зяблик,https://inaturalist-open-data.s3.amazonaws.com/photos/154722571/medium.jpeg,C:\Users\Lada\Documents\DS\naturalist\data\raw\brambling\93357957.jpg,research
93456564,brambling,Fringilla coelebs,Зяблик,https://inaturalist-open-data.s3.amazonaws.com/photos/154898803/medium.jpg,C:\Users\Lada\Documents\DS\naturalist\data\raw\brambling\93456564.jpg,research
95252069,brambling,Fringilla coelebs,Зяблик,https://inaturalist-open-data.s3.amazonaws.com/photos/167239917/medium.jpg,C:\Users\Lada\Documents\DS\naturalist\data\raw\brambling\95252069.jpg,research
105663162,brambling,Fringilla coelebs,Зяблик,https://static.inaturalist.org/photos/177336531/medium.jpg,C:\Users\Lada\Documents\DS\naturalist\data\raw\brambling\105663162.jpg,research
105663187,brambling,Fringilla coelebs,Зяблик,https://static.inaturalist.org/photos/177336663/medium.jpg,C:\Users\Lada\Documents\DS\naturalist\data\raw\brambling\105663187.jpg,research
110978091,brambling,Fringilla coelebs,Зяблик,https://static.inaturalist.org/photos/187294933/medium.jpg,C:\Users\Lada\Documents\DS\naturalist\data\raw\brambling\110978091.jpg,research
111115109,brambling,Fringilla coelebs,Зяблик,https://inaturalist-open-data.s3.amazonaws.com/photos/187536827/medium.jpeg,C:\Users\Lada\Documents\DS\naturalist\data\raw\brambling\111115109.jpg,research
111984123,brambling,Fringilla coelebs,Зяблик,https://inaturalist-open-data.s3.amazonaws.com/photos/189104660/medium.jpg,C:\Users\Lada\Documents\DS\naturalist\data\raw\brambling\111984123.jpg,research
112820447,brambling,Fringilla coelebs,Зяблик,https://inaturalist-open-data.s3.amazonaws.com/photos/190593375/medium.jpeg,C:\Users\Lada\Documents\DS\naturalist\data\raw\brambling\112820447.jpg,research
112822773,brambling,Fringilla coelebs,Зяблик,https://inaturalist-open-data.s3.amazonaws.com/photos/190597538/medium.jpeg,C:\Users\Lada\Documents\DS\naturalist\data\raw\brambling\112822773.jpg,research
112835851,brambling,Fringilla coelebs,Зяблик,https://inaturalist-open-data.s3.amazonaws.com/photos/190620707/medium.jpeg,C:\Users\Lada\Documents\DS\naturalist\data\raw\brambling\112835851.jpg,research
112862073,brambling,Fringilla coelebs,Зяблик,https://inaturalist-open-data.s3.amazonaws.com/photos/190666889/medium.jpeg,C:\Users\Lada\Documents\DS\naturalist\data\raw\brambling\112862073.jpg,research
113697087,brambling,Fringilla coelebs,Зяблик,https://inaturalist-open-data.s3.amazonaws.com/photos/192075673/medium.jpeg,C:\Users\Lada\Documents\DS\naturalist\data\raw\brambling\113697087.jpg,research
114800671,brambling,Fringilla coelebs,Зяблик,https://static.inaturalist.org/photos/193807718/medium.jpg,C:\Users\Lada\Documents\DS\naturalist\data\raw\brambling\114800671.jpg,research
114800674,brambling,Fringilla coelebs,Зяблик,https://static.inaturalist.org/photos/193807898/medium.jpg,C:\Users\Lada\Documents\DS\naturalist\data\raw\brambling\114800674.jpg,research
116732434,brambling,Fringilla coelebs,Зяблик,https://inaturalist-open-data.s3.amazonaws.com/photos/197072747/medium.jpeg,C:\Users\Lada\Documents\DS\naturalist\data\raw\brambling\116732434.jpg,research
117198870,brambling,Fringilla coelebs,Зяблик,https://inaturalist-open-data.s3.amazonaws.com/photos/197901452/medium.jpeg,C:\Users\Lada\Documents\DS\naturalist\data\raw\brambling\117198870.jpg,research
117482740,brambling,Fringilla coelebs,Зяблик,https://inaturalist-open-data.s3.amazonaws.com/photos/198409773/medium.jpeg,C:\Users\Lada\Documents\DS\naturalist\data\raw\brambling\117482740.jpg,research
117482794,brambling,Fringilla coelebs,Зяблик,https://inaturalist-open-data.s3.amazonaws.com/photos/198410205/medium.jpeg,C:\Users\Lada\Documents\DS\naturalist\data\raw\brambling\117482794.jpg,research
117482802,brambling,Fringilla coelebs,Зяблик,https://inaturalist-open-data.s3.amazonaws.com/photos/198410257/medium.jpeg,C:\Users\Lada\Documents\DS\naturalist\data\raw\brambling\117482802.jpg,research
117482810,brambling,Fringilla coelebs,Зяблик,https://inaturalist-open-data.s3.amazonaws.com/photos/198410328/medium.jpeg,C:\Users\Lada\Documents\DS\naturalist\data\raw\brambling\117482810.jpg,research
117482848,brambling,Fringilla coelebs,Зяблик,https://inaturalist-open-data.s3.amazonaws.com/photos/198410528/medium.jpeg,C:\Users\Lada\Documents\DS\naturalist\data\raw\brambling\117482848.jpg,research
117706186,brambling,Fringilla coelebs,Зяблик,https://inaturalist-open-data.s3.amazonaws.com/photos/198816767/medium.jpeg,C:\Users\Lada\Documents\DS\naturalist\data\raw\brambling\117706186.jpg,research
118406096,brambling,Fringilla coelebs,Зяблик,https://static.inaturalist.org/photos/200048937/medium.jpg,C:\Users\Lada\Documents\DS\naturalist\data\raw\brambling\118406096.jpg,research
119294696,brambling,Fringilla coelebs,Зяблик,https://static.inaturalist.org/photos/201642678/medium.jpg,C:\Users\Lada\Documents\DS\naturalist\data\raw\brambling\119294696.jpg,research
132790371,brambling,Fringilla coelebs,Зяблик,https://inaturalist-open-data.s3.amazonaws.com/photos/226088160/medium.jpg,C:\Users\Lada\Documents\DS\naturalist\data\raw\brambling\132790371.jpg,research
132978611,brambling,Fringilla coelebs,Зяблик,https://inaturalist-open-data.s3.amazonaws.com/photos/226437211/medium.jpeg,C:\Users\Lada\Documents\DS\naturalist\data\raw\brambling\132978611.jpg,research
133619984,brambling,Fringilla coelebs,Зяблик,https://static.inaturalist.org/photos/227626623/medium.jpg,C:\Users\Lada\Documents\DS\naturalist\data\raw\brambling\133619984.jpg,research
135181794,brambling,Fringilla coelebs,Зяблик,https://inaturalist-open-data.s3.amazonaws.com/photos/230518308/medium.jpg,C:\Users\Lada\Documents\DS\naturalist\data\raw\brambling\135181794.jpg,research
141482874,brambling,Fringilla coelebs,Зяблик,https://inaturalist-open-data.s3.amazonaws.com/photos/242396738/medium.jpg,C:\Users\Lada\Documents\DS\naturalist\data\raw\brambling\141482874.jpg,research
142551460,brambling,Fringilla coelebs,Зяблик,https://inaturalist-open-data.s3.amazonaws.com/photos/244413478/medium.jpeg,C:\Users\Lada\Documents\DS\naturalist\data\raw\brambling\142551460.jpg,research
146453493,brambling,Fringilla coelebs,Зяблик,https://inaturalist-open-data.s3.amazonaws.com/photos/251793406/medium.jpeg,C:\Users\Lada\Documents\DS\naturalist\data\raw\brambling\146453493.jpg,research
152855617,brambling,Fringilla coelebs,Зяблик,https://static.inaturalist.org/photos/263923765/medium.jpg,C:\Users\Lada\Documents\DS\naturalist\data\raw\brambling\152855617.jpg,research
154302645,brambling,Fringilla coelebs,Зяблик,https://static.inaturalist.org/photos/266602833/medium.jpg,C:\Users\Lada\Documents\DS\naturalist\data\raw\brambling\154302645.jpg,research
154601098,brambling,Fringilla coelebs,Зяблик,https://static.inaturalist.org/photos/267146186/medium.jpg,C:\Users\Lada\Documents\DS\naturalist\data\raw\brambling\154601098.jpg,research
155503539,brambling,Fringilla coelebs,Зяблик,https://static.inaturalist.org/photos/268805190/medium.jpg,C:\Users\Lada\Documents\DS\naturalist\data\raw\brambling\155503539.jpg,research
155503550,brambling,Fringilla coelebs,Зяблик,https://static.inaturalist.org/photos/268805559/medium.jpg,C:\Users\Lada\Documents\DS\naturalist\data\raw\brambling\155503550.jpg,research
155503567,brambling,Fringilla coelebs,Зяблик,https://static.inaturalist.org/photos/268806010/medium.jpg,C:\Users\Lada\Documents\DS\naturalist\data\raw\brambling\155503567.jpg,research
155778584,brambling,Fringilla coelebs,Зяблик,https://static.inaturalist.org/photos/269309293/medium.jpg,C:\Users\Lada\Documents\DS\naturalist\data\raw\brambling\155778584.jpg,research
155778598,brambling,Fringilla coelebs,Зяблик,https://static.inaturalist.org/photos/269309971/medium.jpg,C:\Users\Lada\Documents\DS\naturalist\data\raw\brambling\155778598.jpg,research
155853209,brambling,Fringilla coelebs,Зяблик,https://inaturalist-open-data.s3.amazonaws.com/photos/269448931/medium.jpg,C:\Users\Lada\Documents\DS\naturalist\data\raw\brambling\155853209.jpg,research
155860290,brambling,Fringilla coelebs,Зяблик,https://inaturalist-open-data.s3.amazonaws.com/photos/269460700/medium.jpg,C:\Users\Lada\Documents\DS\naturalist\data\raw\brambling\155860290.jpg,research
155860828,brambling,Fringilla coelebs,Зяблик,https://inaturalist-open-data.s3.amazonaws.com/photos/269461604/medium.jpg,C:\Users\Lada\Documents\DS\naturalist\data\raw\brambling\155860828.jpg,research
156279076,brambling,Fringilla coelebs,Зяблик,https://static.inaturalist.org/photos/270212668/medium.jpg,C:\Users\Lada\Documents\DS\naturalist\data\raw\brambling\156279076.jpg,research
156279123,brambling,Fringilla coelebs,Зяблик,https://static.inaturalist.org/photos/270214789/medium.jpg,C:\Users\Lada\Documents\DS\naturalist\data\raw\brambling\156279123.jpg,research
158520746,brambling,Fringilla coelebs,Зяблик,https://inaturalist-open-data.s3.amazonaws.com/photos/273957378/medium.jpg,C:\Users\Lada\Documents\DS\naturalist\data\raw\brambling\158520746.jpg,research
158524816,brambling,Fringilla coelebs,Зяблик,https://inaturalist-open-data.s3.amazonaws.com/photos/273963837/medium.jpg,C:\Users\Lada\Documents\DS\naturalist\data\raw\brambling\158524816.jpg,research
158529016,brambling,Fringilla coelebs,Зяблик,https://inaturalist-open-data.s3.amazonaws.com/photos/273970264/medium.jpg,C:\Users\Lada\Documents\DS\naturalist\data\raw\brambling\158529016.jpg,research
158782256,brambling,Fringilla coelebs,Зяблик,https://static.inaturalist.org/photos/274360110/medium.jpg,C:\Users\Lada\Documents\DS\naturalist\data\raw\brambling\158782256.jpg,research
158782260,brambling,Fringilla coelebs,Зяблик,https://static.inaturalist.org/photos/274360478/medium.jpg,C:\Users\Lada\Documents\DS\naturalist\data\raw\brambling\158782260.jpg,research
160282521,brambling,Fringilla coelebs,Зяблик,https://inaturalist-open-data.s3.amazonaws.com/photos/276970276/medium.jpeg,C:\Users\Lada\Documents\DS\naturalist\data\raw\brambling\160282521.jpg,research
160291704,brambling,Fringilla coelebs,Зяблик,https://inaturalist-open-data.s3.amazonaws.com/photos/276981544/medium.jpeg,C:\Users\Lada\Documents\DS\naturalist\data\raw\brambling\160291704.jpg,research
160420463,brambling,Fringilla coelebs,Зяблик,https://inaturalist-open-data.s3.amazonaws.com/photos/277205083/medium.jpg,C:\Users\Lada\Documents\DS\naturalist\data\raw\brambling\160420463.jpg,research
160780079,brambling,Fringilla coelebs,Зяблик,https://static.inaturalist.org/photos/277854507/medium.jpg,C:\Users\Lada\Documents\DS\naturalist\data\raw\brambling\160780079.jpg,research
160873929,brambling,Fringilla coelebs,Зяблик,https://inaturalist-open-data.s3.amazonaws.com/photos/278031429/medium.jpg,C:\Users\Lada\Documents\DS\naturalist\data\raw\brambling\160873929.jpg,research
162157979,brambling,Fringilla coelebs,Зяблик,https://static.inaturalist.org/photos/280359699/medium.jpg,C:\Users\Lada\Documents\DS\naturalist\data\raw\brambling\162157979.jpg,research
162157993,brambling,Fringilla coelebs,Зяблик,https://static.inaturalist.org/photos/280360728/medium.jpg,C:\Users\Lada\Documents\DS\naturalist\data\raw\brambling\162157993.jpg,research
166672432,brambling,Fringilla coelebs,Зяблик,https://inaturalist-open-data.s3.amazonaws.com/photos/288644521/medium.jpg,C:\Users\Lada\Documents\DS\naturalist\data\raw\brambling\166672432.jpg,research
166673504,brambling,Fringilla coelebs,Зяблик,https://inaturalist-open-data.s3.amazonaws.com/photos/288646364/medium.jpg,C:\Users\Lada\Documents\DS\naturalist\data\raw\brambling\166673504.jpg,research
167092296,brambling,Fringilla coelebs,Зяблик,https://inaturalist-open-data.s3.amazonaws.com/photos/289416040/medium.jpg,C:\Users\Lada\Documents\DS\naturalist\data\raw\brambling\167092296.jpg,research
168561879,brambling,Fringilla coelebs,Зяблик,https://inaturalist-open-data.s3.amazonaws.com/photos/292141295/medium.jpg,C:\Users\Lada\Documents\DS\naturalist\data\raw\brambling\168561879.jpg,research
169282923,brambling,Fringilla coelebs,Зяблик,https://inaturalist-open-data.s3.amazonaws.com/photos/293468024/medium.jpg,C:\Users\Lada\Documents\DS\naturalist\data\raw\brambling\169282923.jpg,research
169284429,brambling,Fringilla coelebs,Зяблик,https://inaturalist-open-data.s3.amazonaws.com/photos/293470351/medium.jpg,C:\Users\Lada\Documents\DS\naturalist\data\raw\brambling\169284429.jpg,research
169394634,brambling,Fringilla coelebs,Зяблик,https://static.inaturalist.org/photos/293670578/medium.jpg,C:\Users\Lada\Documents\DS\naturalist\data\raw\brambling\169394634.jpg,research
169406056,brambling,Fringilla coelebs,Зяблик,https://inaturalist-open-data.s3.amazonaws.com/photos/293693090/medium.jpeg,C:\Users\Lada\Documents\DS\naturalist\data\raw\brambling\169406056.jpg,research
169467724,brambling,Fringilla coelebs,Зяблик,https://inaturalist-open-data.s3.amazonaws.com/photos/293807904/medium.jpg,C:\Users\Lada\Documents\DS\naturalist\data\raw\brambling\169467724.jpg,research
169824527,brambling,Fringilla coelebs,Зяблик,https://inaturalist-open-data.s3.amazonaws.com/photos/294460799/medium.jpg,C:\Users\Lada\Documents\DS\naturalist\data\raw\brambling\169824527.jpg,research
169834621,brambling,Fringilla coelebs,Зяблик,https://inaturalist-open-data.s3.amazonaws.com/photos/294479197/medium.jpg,C:\Users\Lada\Documents\DS\naturalist\data\raw\brambling\169834621.jpg,research
170245413,brambling,Fringilla coelebs,Зяблик,https://inaturalist-open-data.s3.amazonaws.com/photos/295252881/medium.jpeg,C:\Users\Lada\Documents\DS\naturalist\data\raw\brambling\170245413.jpg,research
170622728,brambling,Fringilla coelebs,Зяблик,https://inaturalist-open-data.s3.amazonaws.com/photos/295961562/medium.jpg,C:\Users\Lada\Documents\DS\naturalist\data\raw\brambling\170622728.jpg,research
176178739,brambling,Fringilla coelebs,Зяблик,https://inaturalist-open-data.s3.amazonaws.com/photos/306262549/medium.jpg,C:\Users\Lada\Documents\DS\naturalist\data\raw\brambling\176178739.jpg,research
181607333,brambling,Fringilla coelebs,Зяблик,https://inaturalist-open-data.s3.amazonaws.com/photos/316165890/medium.jpeg,C:\Users\Lada\Documents\DS\naturalist\data\raw\brambling\181607333.jpg,research
181761266,brambling,Fringilla coelebs,Зяблик,https://static.inaturalist.org/photos/316776833/medium.jpg,C:\Users\Lada\Documents\DS\naturalist\data\raw\brambling\181761266.jpg,research
